,full_text,label
0,jaejoong saw made walk saw im still dreaming night 김재중 재중 kimjaejoong ジェジュン 金在中 j_jun 인코드 inkode j_party im_twenty_in_australia samsungzflip5,Positive
1,know refused hold phone said iphone 안돼요 아이폰 이에요 ㅎㅎ specialtyinjakarta taecyeon samsungmobileusa samsungzflip5 samsungpartner,Negative
2,samsung ambassador huh samsungzflip5 oktizen taecyeon 2pm 옥택연 specialty oktaecyeon fyp fanmeeting captainkorea,Negative
3,samsung z flip 5 tipp 1 samsung samsungzflip5,Positive
4,samsungzflip5,Positive
5,samsung galaxy z flip 5 spec samsung samsunggalaxyzflip5 galaxyzflip5 samsungzflip5,Positive
6,cute cinnamonroll phone sanrio cinnamonroll samsungzflip5 sanriocore kawaiigirl tech samsung,Positive
7,samsungzflip5,Positive
8,dive new world galaxyai bahasa indonesia inside samsungzfold5 samsungzflip5 everything feel closer personal plus enjoy cashback promo even exciting experience,Positive
9,guide detail recover lost data samsung z flip 5 recover samsungzflip5 data deleted lost contact message video photo restore,Negative
10,28122023 ig update samsungzflip5 ตาหอ daou oueiija ตาหอหอหบการนต ไดโนของตาหอ,Positive
11,jointheflipside unfoldyourworld samsung samsungzflip5 samsungzfold5,Positive
12,fr taecyeon stylist hemeko ig story sock haha sock taec hehe samsungzflip5 taecyeon,Positive
13,estamos emocionados de presentar la última colaboración de junto descubre el nuevo samsung z flip 5 de la mano de karen en este video contáctanos samsungzflip5 kodiak publicidad,Positive
14,samsungzflip5,Positive
15,samsung galaxy z flip 5 rumor second screen larger world first foldable smartphone us ip68 rating certificate samsung samsungzflip5,Positive
16,new phone samsungzflip5 samsung,Positive
17,ปกาศ ขายซมซง s23u 8256 คะ เราใชเอง ขาย เพราะ เราถนด io มากกวา เครองสภาพ 100 ซอ ตลาคมป 23 มประกนของบานานา 3ป มกลองใหครบ เราไมเคยทำหลน กระแทกเลยคะ มเคสใหดวย นดรบได btsจตจกร ซมซงมอสอง ซมซงมอ2 samsungzflip5 samsungมอสอง samsungมอ2,Positive
18,samsungzflip5,Positive
19,id never switch thought joining flipside would like see one future supreemlife prize jointheflipside samsungflip samsungzflip5,Positive
20,dokument apa yang diperlukan utk ansuran ic depan belakang mulai dari rm 68 sbln sahaje tunggu apa lagi jam murah amp bajet jom amkl pastikan amkl baru beli jom ansuranmudahkl installmentplan installment installmentmalaysia samsungzfold5,Positive
21,samsung galaxy z fold 5 z flip 5 officially launching 26 july 2023 samsung samsunggalaxyzfold5 samsunggalaxyzflip5 galaxyunpacked samsungunpacked galaxyzfold5 galaxyzflip5 samsungzfold5 samsungzflip5,Positive
22,new video official samsung slim pen case samsung z fold 5 worth let find link yt samsungzfold5 casereview,Positive
23,samsung eyeing car crash detection feature galaxy s24 z fold 5 news visit 2yodoindia samsung samsung carcrashdetection samsunggalaxys24 samsungzfold5,Positive
24,fast_reverse_buttonشاهد كيف جمع samsungzfold5 بين الجوال و التابلت في وقت واحد عالم_التكنولوجيا,Positive
25,pitakas aramid fibre case samsungzfold5 good workmanship tight silk stitching floating weaving crazy pattern super beautiful weight super light without sense heaviness handsome,Positive
26,samsung lanza el galaxy z fold 5 z flip 5 sus do nuevos dispositivos plegables amplíe esta información aquí e3noticiasrd samsung samsungzflip5 samsungzfold5,Positive
27,first look samsungzfold5 thought watch,Negative
28,kerala first sale moment pan indian actor dulquersalmaan buy samsungzfold5 oxygen digital expert kingofkotha,Negative
29,ready ultimate foldable phone first look z fold 5 blog soon unboxing thought design amp performance stay tuned like follow upcoming content samsungzfold5 unboxing tech thetechnerd,Positive
30,avis test coque spigen slimarmorpro coque samsung galaxy z fold 5 zfold5 samsungunpacked samsungzfold5 fold5,Positive
31,zimebakia siku 4 mpaka ujio wa samsungunpacked event ambapo samsung watazindua simu zao mpya za samsungzflip5 na samsungzfold5 pamoja na saa zao mpya je unategemea nini kipya kutoka kwenye simu hizo,Positive
32,maybe something strange price rome airport samsungzfold5 samsungzfold4 samsung,Positive
33,kupi jedan razveseli dvoje odličan poklon uz kupovinu uređaja ictbusiness tehnologija telekomunikacije intervjui reportaze analize samsung samsungzflip5 samsungzfold5,Positive
34,istražite razigrani šarm galaxy z fold5 galaxy z flip5 linije maski ictbusiness tehnologija telekomunikacije intervjui reportaze analize samsungzfold5,Positive
35,ai u svakodnevnom životu pogled na najnovije trendove tehnologije ictbusiness tehnologija telekomunikacije intervjui reportaze analize samsung samsungbespoke samsungzfold5 samsungsmartthings,Positive
36,nature beauty show green nature shot captured samsungzfold5 snapdragon teamgalaxy withgalaxy shotonsnapdragon samsung,Positive
37,pre order skrg samsung z fold 5 fon lipat yang terbaru jom pilih amkl pastikan amkl baru beli jom ansuranmudahkl samsungzflip5 samsungzfold5,Positive
38,foto galerija preklopni teleofoni nastavljaju rast samsung ima nove adute ictbusiness tehnologija telekomunikacije intervjui reportaze analize samsungzflip5 samsungzfold5 samsunggalaxywatch6 samsunggalaxytabs9,Negative
39,okay teammagenta easy 1 sidekick motorolarazor samsungzfold5 2 5g 3 metrobytmobile nada yada yada,Positive
40,แฟนคลบใช samsung s24 ซมถายคอนเสต แตหนโฟดใชซมถายแฟน outing 2024 x gemini fourth gmmtvouting2024,Positive
41,samsung s24 ultra available ugx 4 450 000 shop onlinewholesaleretail shop online call whatsapp u 0709744874 mobileshopug,Positive
42,samsung s24 ultra available ugx 4 450 000 shop onlinewholesaleretail shop online call whatsapp u 0709744874 mobileshopug,Positive
43,dare conquer ringkes s24 ultra fusion x case ultimate fusion style protection samsungs24 samsungs24ultracase samsungs24ultra samsung galaxys24 galaxys24series backcovercase backcover backcases premiumtech premiumbrand,Positive
44,samsung s24 ultra 3 exclusively browse exclusive samsung deal gtgt hotline 0709744874 0742471510 call whatsapp mobileshopug,Positive
45,n pqp samsung s24 e azul combinação perfeita aaaaaaa,Positive
46,galaxy s24 zum top preis hol dir da brandneue samsung galaxy s24 128 gb für nur 1 mit 35 gb vodafone lte tarif für effektiv 0 49monat samsungs24 megadeal mehr info hier,Positive
47,samsung s24 ultra 12256gb tsh 2 800 000 1 year international warranty 0752992667,Positive
48,nigerian classist lol cause whenever meet someone social medium always ask send imessage assume using iphone like using samsung s24 ultra 5g massive refresh rate 120 hertz,Positive
49,sunoo throwing samsung s24 ultra like kid ohmy sunoo,Positive
50,samsung s24 ultra dream b ticket iphone 7 telezoom menyala telezoomku chenle thedreamshow3_in_jkt,Positive
51,samsung s24 ultra 12 256gb นดรบสงแมส เกบปลายทาง นดรบหนาราน สมทรปราการ ชลบร แอดไลน samsung samsungs24 ซมซงมอ2 ซมซงs24 samsungมอ2 โทรศพทมอสอง ตลาดนดnct โทรศพทมอ2 เชาs24ultra ไอโฟนมอ2,Positive
52,ซมแคไหนกไมแตก samsung s24 กลองเทพแหงป ซมชดถงความรสก อย outing 2024 x gemini fourth gmmtvouting2024 geminifourth เจมไนนโฟรท gemini_nt fourthnattawat,Positive
53,hot deal samsung s24 ultra available brand new nb everything working perfectly place order amp deliveryright_arrow_curving_down dmcallwhatsapp 256701570203 kindly repost thanks,Positive
54,bought samsung s24 weekend man nice able spend little money get want holly wallpaper made canva long cool woman ringtone good morning good morning alarm goofyassboomer,Positive
55,hollow_red_circle صورة من تصوير كاميرة samsung s24 ultra من دون اي تعديل في الاعدادات او تعديل في الصورة او فلتر وروني تصوير جوالاتكم واذكر اسم الجهاز,Positive
56,el samsung s24 también iba tener emergencia satelital pero ultimo momento lo cancelaron garmin vende pequeño aparato de emergencia por us300 subscripción e barato pero parece necesario llevar algo así si va andar por lugares aislados con mal clima,Positive
57,wife using samsung s24 scorching heat banaras 43 c already fed bad battery life like phone 12 midnight time wake already 0,Negative
58,ทดสอบความกนนำของ samsung s24 ultra outing 2024 x gemini fourth gmmtvouting2024 20240526 update story ig satangks fourthnattawat โฟรทณฐวรรธน,Positive
59,new phone alert bye s9 hello s24 samsungs24,Positive
60,cah maaf mau minta saran boleh mending beli yg mana sebelumnya aku android user hapeku wes amen ono notif penyimpanan penuh terus emang hape lawas sih seandainya pindah ke iphone rodok grandulan ngga ya samsung a55 cantik warnanya tapi pengen nyoba ke cont,Positive
61,samsung a55 5g cameranya cakeppp pollll lu pd klo punya budget 67 jt gue saranin lebih baik beli hp samsung deh,Positive
62,galaxy a55 a35 5g camera enhanced ai 1723 per month shop call u 18001234578 bigc bigcmobiles bigcstores samsung samsunggalaxy samsunga55 samsunga55 samsunga35 retail,Positive
63,samsung a55,Positive
64,di fyp gua rame bgt debat antara samsung a55 sama ip 11 ya gua mending pake dua duanya wkwk,Positive
65,proof iphone 15 amp samsung a55 blue color hater gonna say due rgb light,Positive
66,debo decir que wutheringwaves se mucho mejor en el móvil que en el ordenador e un móvil de gama medium samsung a55,Positive
67,bought another one mom samsung a55 5g,Positive
68,look almost designwise come different price range tell difference samsungs24 samsunga55 samsungs23fe,Positive
69,rek ada yang pake samsung a55 ga layar kalian kalau diliat dari sudut tertentu kayak bawah gtu layarnya jadi bias warnanya kyk pelangi ga putih solid itu normal ga makasih yang udah bantu jawab,Positive
70,samsung galaxy a55 5g review phone also become one bestseller 2024 samsung samsunga55 smartphone tech review yugatech link,Positive
71,lagi night ride isengiseng berenti cuma mau coba fitur foto pro nya dari samsunga55 ternyata hasilnya bagus,Positive
72,color caught eye samsung a55 super amoled 120hz hdr10 android 14 oneui exynos 1480 8gb ram 256gb rom main camera 50125mp selfie 32mp 5000mah 25w display fingerprint 2 year warranty ksh 54 999 dmwhatsapp 0710 315 348 techit,Positive
73,check nillkin super frosted shield pro samsung a55news23 fes23 ultras23s23s22s22 ultraa53a54 back cover get shopee,Positive
74,samsung a55,Positive
75,mending samsunga55 atau ip 11 ya,Positive
76,best mobile samsung a55 samsung galaxy a55 oppo f21 infinix note 40 pro iphone 15 pro tdr_now,Positive
77,ganti hp ke samsung a55 maksudnya biar bisa baca majalah bobo malah kaga bisa wokwok lt,Positive
78,feedback ya samsung a55 5g black_small_squaresamsung a55 5g 8128 1 150 000 black_small_squaresamsung a55 5g 8256 1 350 000 ikiwa na warranty ya mwaka mmoja ya kioo likoma opposite na kkkt kariakoo 0745100757,Positive
79,terakhir kali ngecharge hp berapa jam yg lalu guy sender 22 jam yang lalu masih sisa 25 samsung a55 user,Positive
80,pesona samsunga35,Positive
81,samsunga35,Positive
82,samsung a35,Positive
83,samsung a35 1286gb 000 2568gb sh 45 000 samsung samsunga50 samsunga35 zentechelectronicskenya,Positive
84,samsung a35 5g,Positive
85,wts want sale samsung a35 5g new masih segel layar punch hole bisa esim 8256g camera 50mp 8mp 5mp masih segel belum dibuka sama sekali aku jual di harga 4 6jt bisa nego tipi minat dm ajaa yaa wts wtb zonauang,Positive
86,tanned even anyway bought new phone cheapish samsung a35 review top notch 240 co want advertise cleaning service using personal number coming tomorrow little bit excited,Positive
87,anyone problem instagram samsung a35 doesnt open done uninstall reinstall restart start always demand,Negative
88,kerjasama indonesiakorsel sandra dewi siang total politik yati asian value fedi nuril luhut pandji samsung a35 mati,Positive
89,tanggapan pak mahfud terhadap pernyataan pak prabowo sumatera samsung a35 muhammadiyah,Positive
90,order placed 1215 1240 phone deliveredset prompt hasslefree electronics shopping samsung a35 8256 gb 43 000 pay delivery,Positive
91,24 november 1924 pesawat fokker f vii mendarat di bandara tjililitan sekarang jakarta wikimedia commonstropenmuseum promoguncang kerjakompak kerjacerdas samsung a35 muhammadiyah halsey hari lingkungan hidup sedunia,Positive
92,meninggal asian value sandra dewi ernando pandji panas samsung a35 mati iraq sumatera totpol fedi nuril rumputnya pergamina indonesian value matchday indonesia v iraq link streaming timnasday timnasindonesia worldcupqualifier kitagaruda,Positive
93,en daar istie wat hij mooi samsunga35,Positive
94,sby puji pidato prabowo soal gaza di forum dunia strong also beautiful sumatera samsung a35 muhammadiyah,Positive
95,kota hijau ikn pandji total politik sandra dewi fedi nuril pendek yati rabu murah sumatera reply 1988 jawa spesialis mati samsung a35,Positive
96,நமத ac மளவல அதரட வலயல samsung மபலகள cashback மறறம emi வசதயடன இபபத அளளஙக enjoy பணணஙக link bio vasanthandco summer summertime samsunga55 samsunga35 emi cashback laptop indiasno1dealer quality trust,Positive
97,samsung a35 5g inch super amoled 120hz 1000 nit android 14 chipset exynis 1380 5nm main camera50mp8mp 5mp selfie 13mp display fingerprint 5000 mah battery 25w charging speed 8gb256gb kshs 42 000,Positive
98,bantu adek sender memilih ge lebih worth samsung a35 atau poco x6 pro dua duanya ada di kisaran harga yg sama tapi lebih ok mana untuk anak kuliah dan untuk jangka panjang,Positive
99,hp samsung a35 5g sumpah gua seseneng itu punya hp baru dan sekarang hp gua punya 2 yang lama masih bagus dan itu dibeliin kaka gua hehe,Positive
100,sound check 백현 baekhyun lonsdaleite 2024baekhyunasiatour,Positive
101,glowing samsungs23,Positive
102,get never run power powerbank portablecharger outdoorgear staycharged techgadgets iphone14 samsungs23 laptopcharger shop,Negative
103,stay let show support changbin first member solo ad changbin samsung s23 changbinxsamsungkr changbin 창빈,Negative
104,fã com celular samsung s23 ultra viraliza gravando vídeo da taylor swift de um lugar longe palco,Positive
105,nakkkkk 백현 baekhyun lonsdaleite 2024baekhyunasiatour,Positive
106,samsung s23 pro mini link shopee blacklist,Positive
107,samsung s23 ultra crazy,Positive
108,630am bedroom photo without single editing samsung s23 v iphone 15 pro max,Positive
109,haduuuuu anakku 백현 baekhyun lonsdaleite 2024baekhyunasiatour,Positive
110,ปลอยเชา samsung s23 ultra 151606 s23 1 100 บาทวน เชา2วนมราคาพเศษ นดรบหนางาน มixpand sandisk พวบ มดจำตามสะดวก เชาs23ultra 백현 baekhyun exo bbhlonsdaleiteinbkk 2024baekhyunasiatour 2024baekhyunasiatourinbkk,Positive
111,samsung s23 ultra v iphone 14 pro max better,Positive
112,high quality personalized product ship across europe visit online store find product skroutz apple iphone case samsungs23 samsungs24 case,Positive
113,kangeeeennn 백현 baekhyun lonsdaleite 2024baekhyunasiatour,Positive
114,day 12100 samsung s23 samsung s3 samsung s23 fe samsung s23 ultra 0756321405 0763378511,Positive
115,huwaaaaaaa 백현 baekhyun lonsdaleite 2024baekhyunasiatour,Positive
116,samsung s23 nikon d5200,Positive
117,yang butuh penginapan buat konser enhypen aku masih ada avail kamar yaa lokasi deket banget sama ice info bisa wa akuu disini,Negative
118,wts want sell lucas renegade pb album pob bisa pilih versi bisa pilih pob dom bogor price 180k ready send bisa orens tag lucas renegade wts sale withmuu everline,Positive
119,kesayangan 백현 baekhyun lonsdaleite 2024baekhyunasiatour,Positive
120,el samsung s22 ultra e creación del diablo,Positive
121,wts lfb android phone ph samsung s22 128gb green good condition like new unit case fingerprint p15 000 negotiable sdd meet around metro manila,Positive
122,thank u samsung s22 ultra,Positive
123,samsung s22 turun harga kaw2 weyhdouble_exclamation_mark tak smpai harga dia sekarang,Positive
124,1 iphone 14 pro max 2 google pixel 6 pro 3 samsung s22 ultra 4 xiaomi 12 ultra night camera sample,Positive
125,ốp điện thoại samsung s22 theo yêu cầu samsungs22 s22,Positive
126,looking home used great condition samsung s22 ultra additional information,Positive
127,want ex uk samsung phone dm tupige bei samsung s22 ultra 256gb 75 000 s21 5g 36000 s9 256gb dual sim 22000 s7 edge 13000 note 10 40 000 retweet widely,Positive
128,เชา samsung s22s23 ultra 030707 s22 700 บาท s23 1 000 บาท เชาหลายวนมเรทพเศษ เชาs22ultra เชาs23ultra inkwaruntorncloseupconcert inkwaruntorn เวเฟอรลอคเกอรmygoodchoice boxxmusic okd muzikmove,Positive
129,samsung s22 ultra,Positive
130,implementasi maksimal penggunaan samsung s22 ultra dalam kehidupan sehari hari,Positive
131,เชา samsung s22s23 ultra 3108 s22 800 บาท s23 1 200 บาท นดรบหนางาน มตวดงรปให ไมมประกนเครอง มดจำตามสะดวก เชาs23ultra เชาs22ultra pixxietalesconcert,Positive
132,hi guy good morning open box samsung s22 sale switched used im putting sale n450 000 please contact directly discussion delivered location thank much please rt,Negative
133,wtr open rent hp samsung s22 ultra enhypen fate plus jakarta day 1 2 treasure reboot jakarta wayv allobank another event pls chat dm bisa cod jakarta venue selective detail dm tnc amp price,Negative
134,shot samsung s22 ultra iphone 13 pro,Positive
135,wtr lfr samsung s22 ultra fancam phone concert ph 24 hour rental open eventsconcerts come powerbank cord unlimited use storage limit 100x zoom need phone exclusively fancam u better rent,Negative
136,budget purple section untuk tiket 21jt untuk samsung s22 ultra,Positive
137,samsung s22 ultra 256gbram 12gb dualsim tsh 1 350 000 tzs nbmikoani tunatuma malipo baada ya kupokea exchange amp top allowed whatsapp 0683678977 kindly repost,Positive
138,ซมซงกวาดแอปเปลไดนะคะะ วาดจาก samsung s22 ultra แอพ samsung note คะ,Positive
139,เชา samsung s22s23 ultra 0308 s22 700 บาท s23 1 000 บาท นดรบหนางาน มตวดงรปให ไมมประกนเครอง มดจำตามสะดวก เชาs22ultra เชาs23ultra twoworlds twoworldsfmth kongthupproduction,Positive
140,double_exclamation_mark help retweet double_exclamation_mark siapapun yang liat ada orang jual hp samsung a54 di daerah jl seremped kec tanah sereal kota bogor tolong infoin ke aku ya soalnya hp kakakku abis dicopet di sekitar bappeda bogor dan ini lokasi terakhir hpnya,Positive
141,salah beli cherietuals kalau ada yang hapenya samsung a54 dan mau ini aku kasih gratis bayar ongkir ajaa,Positive
142,obrigado samsung a54 por existir,Positive
143,dragon boat festival 2024 写真 flower photography nature samsunga54,Negative
144,llega samsung a54 con problemas de carga pero al hacer el diagnóstico con doc test cargador de pruebas se pudo constatar que el problema e pin de carga sucio se procedió limpieza con estas herramientas fue necesario destapar el teléfono ni hacer cambio de pin,Negative
145,happy father day 写真 photography food japanesefood samsunga54,Positive
146,meu é samsung a54 tô torcendo pra ele ser bom pra gravar show pq vi muita gente falando bem da câmera ante de comprar tem zoom bom e muita memóriao que eu mais tava precisando pq meu a20 não durou até fim show ateez,Positive
147,samsung a54 5g,Positive
148,samsung a54,Positive
149,samsung a54 bener bener gila,Positive
150,cek anti shock airbag transparan soft case samsung a54 a14 a05s a03s a05 a25 a15 a04e a13 a03 a04 a34 a55 a21s a12 a52 a23 a50 note 20 ultra a72 a73 a71 a20s s20 fe 5g 4g casing lucu cute dengan harga dapatkan di shopee sekarang,Positive
151,samsung a54,Positive
152,case nya samsung a54 ini memang kendor gitu ya padahal official beli di erafone,Positive
153,badly baby girl need spayed 150 shes danger getting preggs amp keep getting text free govt phone prog ending soon forced settle used samsunga54 ebay instead purple samsungs23fe ive wished month,Negative
154,samsung a54,Positive
155,samsung a54,Positive
156,samsung a54,Positive
157,kabar gembira buat kalian semua dari bni banyak hadiah keren menanti kalian yang sering transaksi lewat bni sm banking dengan telkomsel dari 1 juni sampai 31 agustus 2024 bni siap kasih hadiahhadiah super keren seperti 3 samsung a54 9 samsung a12 apple iwatch se gen,Positive
158,belanja semua kebutuhan mudah cepat amp praktis di indomaret terdekat dengan bayar pakai pastikan saldo kamu selalu ada dengan top via m2u id app dapatkan samsung a54 atau saldo di tabungan emas hingga rp2 juta dengan top sebanyakbanyaknya,Negative
159,poco c65 samsung a54 256,Positive
160,kiharu mosomo bora programme congratulation ndindi nyoro youcangetit shukishaauctions bidon samsunga34 appleairpods,Positive
161,shukisha auction offer incredible deal samsung a34 apple airpods folk take opportunity upgrade phone airpods shukishaauctions lowest uniquebid onshukisha bidon samsunga34 appleairpods,Negative
162,new vid took samsunga34 outttttt spin watch,Positive
163,mau beli hp baru home credit solusinya ngga usah khawatir kalo budgetnya belum cukup syarat cukup ktp dan hp android bisa langsung tanya saya disini samsunggalaxy samsunga34 tembung homecredit penting senin ini promo samsungnya masih berlangsung loh,Positive
164,dundee kwazulunatal dundee kzn streetphotography bmw samsungphoto samsunga34,Positive
165,promise coming spark20 afcon pata hustle pesa iko kenya7s shauri yako chancellor bidon samsunga34 appleairpods love bob marley state house sancho paysii app mungaro na elimu houthis,Positive
166,samsung a14 4g launched india thought samsunga14 samsunga14series samsung samsunga50 samsunga54 samsunga34 samsunga545g samsunga345g samsunga70 samsunga51 samsunga30 samsunga20 samsunga71 techbyte technology smartphone samsungphone india,Negative
167,get ready explore world cuttingedge technology meet unbeatable price shukishaauctions lowest uniquebid onshukisha bidon samsunga34 appleairpods,Positive
168,avoid purchasing samsung mobile phone cost despite free water moisture theyre still displaying charging errorswarning unable charge mobile samsunga34,Negative
169,welcome shukisha platform gateway latest greatest consumer tech shukishaauctions lowest uniquebid onshukisha bidon samsunga34 appleairpods,Negative
170,shukisha designed offer best experience want journey auction site seamless enjoyable ensuring tech enthusiast find perfect match shukishaauctions lowest uniquebid onshukisha bidon samsunga34 appleairpods,Positive
171,journey success bid away explore beautiful bidding product start bidding witness every bid contributes smile success future shukishaauctions lowest uniquebid onshukisha bidon samsunga34 appleairpods,Positive
172,explore kenya best bidding marketplace every bid step towards future growth let curated product companion path success innovation shukishaauctions lowest uniquebid onshukisha bidon samsunga34 appleairpods,Positive
173,cant ignore beauty nature kzn naturephotography natureheals photographyisart photography samsunga34 samsung kunicam snapseed,Positive
174,augustus 2017 heb ik je gekocht nu scheiden onze wegen samsunga34,Positive
175,believe creating space consumer find latest tech also enjoy thrill competition shukishaauctions lowest uniquebid onshukisha bidon samsunga34 appleairpods,Negative
176,samsung launch samsung galaxy a14 5g a34 5g amp a54 5g india 18 january 2023 120hz refresh rate ois android 13 samsumg a14 a34 a54 samsunga14 samsunga34 samsunga54,Positive
177,shukishas strategic use lowest unique bid mechanism add layer excitement turning auction strategic game user master lowest uniquebid onshukisha bidon samsunga34 appleairpods shukishaauctions,Positive
178,elevate shopping game shukishaauctions competitive bidding meet exceptional user experience get ready revolution online shopping lowest uniquebid onshukisha bidon samsunga34 appleairpods,Positive
179,shukisha gateway unbeatable discount platform designed give chance save big premium tech item shukishaauctions lowest uniquebid onshukisha bidon samsunga34 appleairpods,Negative
180,scammer rent samsung s24 ultra hati hati ya gaisss sama akun ini mousse aku ketipu cuman 50k ini emg sengaja aku kmren minta bookslot dulu karna emg masih ragu cuman yaaa masih mau ngamatin dulu ini akun trnyata bener aku di block tuh sama dia wkwkw,Positive
181,two android king google pixel 9 pro xl v samsung s24 ultra one would choose,Positive
182,booth samsung s24 enhypen fate jakarta,Positive
183,opening stage favourite song miss amp one p time ni record guna phone iphone 14 maximum punya zoom 3x still rasa perlukan samsung s24 ultra tapi tbh mmg dekat hehe bangyedam 방예담 bangyedam1stfminkl bangyedaminmy bangyedaminkl,Positive
184,blijft cool de maan fotograferen met je telefoon uit de losse pol en dan dit resultaat samsung s24 ultra,Positive
185,video kekalutan hi touch bang yedam guna insta360 go 3,Negative
186,get stunning new samsungs24 free chromebookgo worth 299 enjoy whopping 500gb data unltd call amp sm month 4 upfront trade old phone enjoy extra 75 top value easily keep number switch,Positive
187,done redeem ticket thank,Positive
188,one opinion valuable flagship 2024 tech smartphones oneplus12 samsungs24,Positive
189,falaa deal samsung s24 ultra 512gb new box sealed unlocked price 18 100ghc call 0209522979 location dansoman b opoku search igoodsgh google map working day mon sat 9am 7pm igoodsgh iphone apple andriod ghana samsung accra socialmedia,Positive
190,wts lfb selling maki concert sa new frontier date november 29 2024 platinum 5 000 svip 4 500 vip 3 500 orchestra 2 700 loge 2 200 balcony 1 200 dm youre interested maki dilaw,Positive
191,oneui 7 samsung s24 oneui7,Positive
192,bless samsung s24 ultra,Positive
193,took picture full moon first frame samsung s24 ultra second frame iphone 15 pro max,Positive
194,axel amp sandy di booth samsung s24 enhypen fate jakarta,Positive
195,samsung s24 ultra inch dynamic ltpo amoled 2x 120hz hdr10 android 14 chipset qualcomm snapdragon 8 gen 3 maincamera200mp50mp10mp12mp selfie12mp battery 5000 mah onscreen fingerprint 45w charging speed 12gb 256gbkshs 128 000,Positive
196,oh dear kyungsoo bloominkl axiata arena vip samsung s24 ultra dreamcratefeedback bloom_in_malaysia mybloomingsoo fanconcert_bloom,Negative
197,samsung s24 ultra,Positive
198,testimoni rent sewa samsung s24 ultra enhypen fate plus jakarta day 2 pink soundcheck ice bsd enhypen,Positive
199,آپدیت سامسونگ با عکس جدیدی از یونگی برای تبلیغ پرچم دار این برند galaxy samsung s24 ultra کپشنوقتی میخوام مخفیانه از سلبریتی کراشم عکس بگیرم suga galaxys24ult,Positive
200,ever since gf started using samsung s24 let iphone 13pro max rip,Positive
201,samsung s24 256gb violet available miss reach account manager contact u 4402085879340 email samsungs24 violet smartphone techupgrade samsunggalaxy ai 5g s24plus galaxys24plus,Positive
202,phone camera slot still available book dm book 2482024 bangyedaminkl yedaminkl bangyedam1stfminkl pasaryedam 2892029 straykidsinsg dominate_in_singapore dominate_singapore pasarstraykids zb1insg zerobaseoneinsg zb1insg pasarzb1,Negative
203,open rent samsung s24 ultra 2024 doyoung concert dear youth jakarta 21 september 2024 detail amp tnc dm wa wtr rent wts wtb samsung s24ultra fancam hp konser sewa dearyouthinjakarta doyoung_dear_youth_jakarta sewasamsung rentsamsungs24ultra renthp,Positive
204,open rent samsung s24 ultra uiq universe jakarta riize fanmeeting 1 september 2024 detail amp tnc dm wa wtr rent wts wtb samsung s24ultra fancam hp konser sewa sewasamsung rentsamsung sewasamsungs24ultra rentsamsungs24ultra sewahpkonser renthp,Positive
205,open rent samsung s24 ultra 2024 red velvet fancon tour lthappiness dear reve1uvgt jakarta 7 september 2024 detail amp tnc dm wa wtr rent wts wtb samsung s24ultra fancam hp konser sewa redvelvet_fancon_tour_in_jakarta sewasamsung rentsamsungs24ultra,Positive
206,open rent samsung s24 ultra 2024 enhypen world tour fate jakarta 17 amp 18 agustus 2024 available 1 device s24 ultra tgl 17 agustus 2024 detail amp tnc dm wa wtr rent wts wtb samsung s24ultra fancam hp konser sewa fateplus_in_jakarta rentsamsungs24ultra,Positive
207,brand new samsung s24 ultra duo 256gb titanium black 1 520 000,Positive
208,samsung s24 best base flagship get 2024 cause 120hz telephoto solid processor,Positive
209,open rent samsung s24 ultra 2024 super junior ltsuper show spinoff halftimegt jakarta 14 september 2024 detail amp tnc dm wa wtr rent wts wtb samsung s24ultra fancam hp konser sewa supershow_spinoff_halftime_jakarta sewasamsung rentsamsungs24ultra,Positive
210,samsung s24 ultra 256gb brand new ksh 133 000 ram 12gb storage 256gb main camera 200 mp 50 mp 10 mp 12 mp selfie camera 12 mp 26mm wide display inch dynamic ltpo amoled 2x 120hz hdr10 processor qualcomm sm8650ac snapdragon 8 gen,Positive
211,brand new sealed network locked verizon tmobile amp spectrum locked samsung s24 ultra 12256gb 880 000 samsung s24 plus 12256gb 678 000 samsung s24 8128gb 565 000 samsung s23 fe 8128gb 355 000 nb use wifi,Positive
212,down_arrow تصوير الفيديو بين iphone 15 pro max v xiaomi 14 ultra v samsung s24 ultra,Positive
213,open rent samsung s24 ultra day6 world tour forever young bali 13 oktober surabaya 16 oktober jakarta 19 oktober special price cod jakarta tnc price dm tag wtr rent sewa samsung s24 ultra konser fanmeet fansign jakarta,Positive
214,ex uk samsung s24 storage 8gb256gb still 1 year 6 month warranty deal hii hapa call0710576643,Negative
215,victoria isaland samsung s24 ultra 12gb256gb dual sim thank patronage,Positive
216,samsung s24 ou iphone 15,Positive
217,samsung fold 4 950k samsung s24 ultra open box 1m250k,Positive
218,samsung s24 ultra used 12256gb tsh 2 300 000 0752992667,Positive
219,samsung fold already sixth generation people say foldablethe screen iq tax samsungzfold6 samsungzflip6 fold6,Positive
220,samsung galaxy z fold 6 idroidpark idroidparkreviews samsung samsungzfold6 zfold6,Positive
221,unveil future meet aeroblade kevlar carbon fibre case samsungzfold6 feature ultradurable kevlar featherlight design secure grip precision fit 6 dazzling new design start 3699 grab 10 code kevlar,Positive
222,samsung galaxy z fold 6 dummy via samsungzfold6,Positive
223,new fold 6 design coming samsung zfold6 rumor android samsungzfold6,Positive
224,friend older samsung fold phone obsessed already samsungzfold6 dream get one please,Negative
225,samsung galaxy z fold 6 render showing flat design like s24 ultra samsungzfold6,Positive
226,samsung launch entrylevel galaxy z fold 6 later year samsungzfold6 samsung,Positive
227,prereserve started samsung z fold 6 voucher worth 7000 z flip 6 voucher worth 3999 galaxy watch 7 voucher worth 6499 galaxy bud 3 voucher worth 2299 launching july 10 galaxyunpacked samsungzfold6 samsungzflip6 galaxywatch7 galaxybuds3,Positive
228,samsung galaxy z fold 6 launched hd qxga dynamic amoled 2x 1hz 120hz glass victus 2 50mpois12mpuv10mptp 10mp4mpud snapdragon 8 gen 3 android 14 hollow_red_circleone ui nfc 4400mah 25w samsungunpacked galaxyzfold6 samsungzfold6 galaxyai,Positive
229,newly announced google pixel 9 pro fold spec compared galaxy z fold 6 guy think comparison galaxyzfold6 foldablephone samsungzfold6 pixel9profold samsungfold galaxyfold samsungzfold6slim pixel9 pixel9pro pixel9proxl,Negative
230,samsung galaxy z fold 6 z flip 6 poster leaked online samsungzfold6 samsungzflip6,Positive
231,laptop mobilegaming mobile samsungzfold6,Positive
232,ราคากคอ samsunggalaxyzflip6 samsungzfold6 samsungunpacked,Positive
233,jerryrigeverything renowned youtuber known tech content recently put samsung z fold 6 rigorous durability test samsung z fold 6 successfully survived durability test tech content hit follow button samsungzfold6 samsung,Positive
234,samsung unpacked planned july product expected galaxy tab s10 series galaxy z fold6 galaxy z flip6 galaxy buds3 galaxy buds3 pro galaxy watch7 galaxy watch7 pro galaxy watch7 classic galaxy ring galaxyunpacked samsungzfold6 samsung galaxy,Negative
235,giveaway excited samsungunpacked share thought chance win hottest product follow amp like amp rt vote planning buy samsungzfold6samsungzflip6 end july 14 1159 pm pst 3 winner randomly chosen get,Positive
236,absolutely ringke fusion complement sleek galaxy z flip 6 flawlessly enhancing natural design color slim clear frame samsungzfold6 zfold6 galaxy premimcases premiumbrand galaxyflip ringkeindia ringke,Positive
237,samsungzfold6,Positive
238,galaxyzfold6 landed lab 5000 mah battery stunning display unfolded folded foldable marvel perfect versatility seeker visermark samsung samsungzfold6 zfold6 batterylife samsungzfold6batterylife,Positive
239,samsung z fold 6 ilk zfold6 galaxyzfold6 samsungzfold6,Neutral
240,yes finally got samsung z fold check short video clip amp thumbnail amp photo new video go watch full video samsung samsungzfold6 unboxing samsunggalaxyzfold5 techreview zfold6vszfold5,Neutral
241,ขาวเนเนกบซมซงชองเวรคพอยท nenevader samsungunpacked samsungzfold6,Neutral
242,forget samsung z fold vivo x fold 3 pro best foldable 2024 find full review vivoxfold3proreview vivoxfold3prounboxing vivoxfold3pro vivoxfold3procamera samsungzfold6,Neutral
243,wts new samsung z fold 6 1tb silver shadow wts wtb wtswtb samsungzfold6 zfold6 1tb zonauang zonajajan zonabu,Positive
244,samsung z fold 6 special edition new samsung z fold 6 launched next year slimmer edition z fold 6 samsungzfold6 samsung,Positive
245,whoa foldable phone prefer team samsung team samsung samsungzfold6 google pixelfold2,Negative
246,samsung galaxy z fold 6 full video samsunggalaxyzfold6 galaxyzfold6 zfold6 fold6 samsunggalaxyfold6 galaxyfold6 samsungfold6 samsungzfold6 samsung android oneui samsungfold zflip6 phone smartphone mobilephone tech technology,Neutral
247,samsung galaxy z fold 6 samsunggalaxyzfold6 galaxyzfold6 zfold6 fold6 samsunggalaxyfold6 galaxyfold6 samsungfold6 samsungzfold6 samsung android oneui samsungfold zflip6 phone smartphone mobilephone tech technology tttechnology fyp,Negative
248,photomodemonday photooftheday photography photo samsungs24,Neutral
249,samsung s24 8128gb 59 960 available amazon samsungs24,Neutral
250,beautiful samsungs24,Positive
251,hisandherphones samsungs24 samsungs24,Neutral
252,พเฉนอพเวย สวยมากเลย มาจากสวนสตวหงซานฉนไดรบกลองของขวญสดพเศษทเปนแบรนดแอมโดย samsungs24 ปลดลอกความสนกของ diy ในคราวเดยว แลวปลอยใหสตวนารกๆมาเลนกน จนเฉน ตาซ jinchen jc 20240605,Neutral
253,สวยตาแตก เนเน nene nenevader samsungs24 galaxys24ultra,Neutral
254,took picture fuckin samsungs24 s24 useless waste money keep disappointing look fckin edge isnt phone supposed intelligent cause acting pretty r3tarded since bought purchase,Negative
255,aura aura spec spec samsung s24 released january 2024 iphone 16 drop month team samsung team iphone let u know mention 2 standout feature love motobills iphone16 samsungs24 paywithmotobills iphone samsung,Negative
256,12mp v 50mp night mode tell one better samsungs24,Neutral
257,atardecer en la reja de aep argentina 040924 atardecer puestadesol sunset crepusculo avgeek aviation argentina samsungs24,Neutral
258,samsungs24 galaxyai galaxys24fans galaxyenhypen,Neutral
259,morning walk mobile phone great saturday beactive morning samsungs24 mobilephone,Negative
260,samsung s24 ultra 256gb วางดาวน 20 ปขนไป ผอนครบรบของ 18 ปขนไป นดรบหนาราน หวเฉยว สมทรปราการ แอดไลน samsungs24 ซมซงมอ2 s24 ไอโฟนมอ2 samsungมอ2 โทรศพทมอสอง ตลาดนดnct โทรศพทมอ2 วางดาวน,Neutral
261,galaxy s24 ultra remainder buy new samsung galaxy s24 ultra new ai feature samsungs24 samsungs24_ultra samsung,Positive
262,one day galaxy s24 ultra รปสวย คนสวย nenevader samsungs24 galaxys24ultra,Neutral
263,love air pitaka s24ultra samsungs24,Positive
264,iphone 15 pro max v google pixel 9 pro xl v samsung galaxie s24 ultra caméra test qui est le meilleur best iphone15pro samsung samsungs24 pixel9proxl google apple,Neutral
265,amount note taking need literally evert part life samsungs24 came really make life lot easier whether keyboard pen ai truly showed u thank besties,Positive
266,new language galaxy ai samsungs24 galaxyai newlanguages greedytech,Neutral
267,bueno muchachos si hay pregunté por el suyo plan retoma envíos nacionales envío colombia iphone15promax samsungs24 samsungs22ultra iphone11,Neutral
268,dobro jutro evo ga prvi telefon hol nije moj naravno ja sam iphone tim samsungs24 samsung,Negative
269,witness solareclipse2024 samsungs24,Positive
270,samsung s24 ultra 12 256gb นดรบสงแมส เกบปลายทาง นดรบหนาราน สมทรปราการ ชลบร แอดไลน samsung samsungs24 ซมซงมอ2 ซมซงs24 samsungมอ2 โทรศพทมอสอง ตลาดนดnct โทรศพทมอ2 เชาs24ultra ไอโฟนมอ2,Neutral
271,mean loooong past camera button stage ai next bigger stuff whilst yall chilling camera button stage samsung samsungs23 samsungs24 apple16,Neutral
272,ye gift humne apne aapko diya hai samsungs24,Neutral
273,toch wel bizar samsung ai alsof die halsbandparkiet niet vanochtend achter een takkie zat samsungs24,Negative
274,went disney last week man love camera phone pic disney disneyworld magickingdom animalkingdom epcot samsungs24 ultra,Positive
275,samsung s24 8128gb 59 960 available amazon samsungs24,Neutral
276,ยงอยนานยงรกกน เฉพาะลกคาทรมฟอปเกรดมอถอ 5g รบสวนลดเพม สงสด 4 500 บ จากอายการใชงานรายเดอนตงแต 2 ปขนไป ตรวจสอบและรบสทธกด 399222 เพมเตม คลก ซอเลย วนน 30 true5g ทร samsungs24 โปรโทรศพททร,Neutral
277,finally able pull 7hr sot galaxys24plus getting good sot rare since battery draining update april samsungs24,Neutral
278,shopeeflashsale temperedglass samsunggalaxys24 ultra plus spigenglass tr ez fit 9h seharga dapatkan sekarang jg di shopee temperedglasssamsungs24 tgsamsungs24 tgsamsunggalaxys24 samsungs24temperedglass samsungs24,Neutral
279,galaxy s24 case blue limited edition 100 case world covert series ghostek samsunggalaxys24 galaxys24 s24 samsungs24 samsunggalaxys24ultra samsunggalaxys24plus galaxys24ultra galaxys24plus s24ultra s24plus,Neutral
280,la roachposay jerhigh และ samsung ทำใหลกคาเปลยนใจ เลกใชแบรนดเกาแลวหนมาใชแบรนดตวเองดวยการเลอกพรเซนเตอรทจรงใจ ใชเอง ใชจรงแบบ คลแลนพจอง อานตอ คลแลนพจอง cullenhateberry คลแลน พจอง laroachposay jerhigh samsungs24,Neutral
281,samsung galaxy s24 case blue limited edition 100 case world covert series ghostek samsunggalaxys24 galaxys24 s24 samsungs24 s24case galaxys24case samsunggalaxys24case,Neutral
282,weve secured fantastic offer select apple samsung phone check order p moq 10 smartphonedeals iphone13 iphone13promax iphone12mini samsungs24 bulkorders techdeals usediphone usedsamsungphones wholesale,Neutral
283,مع بداية شهر مارس samsung تقوم بطرح تحديث أمني جديد لسلسة هواتف galaxy s24 لجميع الطرازات الثلاثة تم إصدار التحديث للمستخدمين في أوروبا وكندا ومن المتوقع أين يحصل عليه جميع مستخدموا هذه السلسة قريبا samsung samsungs24 samsungs24ultra,Positive
284,update status saat lebaran semakin glowing yuk sebelum thr dan barangnya abis dm yaa samsungs24,Negative
285,alfin la ia samsungai samsunga55,Neutral
286,wts samsung a55 5g 8256gb color awesome navy official samsung garansi resmi jt nego tipi masih segel sama sekali belum dibuka dom jatiasih bekasi zonauang samsunga55 wts,Positive
287,samsung a55 leak samsung galaxy a55 leak reveals triple camera setup 50mp main sensor exynos 1480 soc 5000mah battery expected sport display 120hz refresh rate come color like awesome ice blue samsunga55 techleak samsung,Positive
288,kaiken maalilman hankintoja ensipuraisulla tänäpänä materialistin taivas valootv saunakalia sofiero samsunga55 miten muilla sahajengiläisillä menee löörtaakina,Neutral
289,ram 8gb internal storage 128 gb 256gb main camera 50 mp 12mp 5 mp front camera 32mp display6 inch 120 hz processor exynos 1480 soc o android 14 one ui connectivity dual sim 2g 3g 4g wifi samsung samsunga55,Positive
290,next samsung s24 ultra moreover samsung samsunga55 a55,Positive
291,que color prefieres de los nuevos samsunga55 samsunga35,Neutral
292,tree windy day samsunga55_01_09_2024,Negative
293,warm end august day high tide samsunga55_24_08_2024,Positive
294,leaked image samsung galaxy a55 samsunggalaxya55 samsunga55 galaxya55 andriod,Neutral
295,cakep banget sih lu,Neutral
296,samsung galaxy a55 amp a35 official case show online samsunggalaxya55 galaxya55 samsunggalaxya35 samsunga55 android,Neutral
297,best smartphone smartphone industry till date say people say samsunga55,Positive
298,samsung galaxy a55 a35 amp galaxy fit 3 unboxing amp first impression video link collab mrtamiltech mrtt tamiltech tamiltechofficial ttfamily samsung samsunga35 samsunga55 unboxing smartphone smartphoneunboxing samsungfit samsungwatch,Neutral
299,scanned entire samsung website ashamed naming exynos processor call octapower page samsunga55 selling r 40k exynos 1480,Negative
300,wellington south coast samsunga55_15_08_2024,Neutral
301,finally galaxy ai feature coming series btw series bad cousin using a34 a55 good especially a55 samsung samsungunpacked samsunga55 samsunga35 samsungpakistan galaxyzflip5 galaxyai,Positive
302,hmtu bini createawesome samsunga35 5g samsunga55 5g binixsamsungph binixgalaxyaseries bini,Neutral
303,captured dusk a555g pure unedited magic straight camera samsunga55 duskshots straightoutofcamera mobilephotography photographylovers withgalaxy,Neutral
304,samsunga55 ใกลออกแลว ลองมาสำรวจ samsunga54 วาผานมาเกอบป คนใชพดกนยงไงบาง ยงนาใชมยในปน ลองเสชพนทพด ปรากฏวาขดกบทเหลา youtubers เคยพดอยางนาตกใจ,Neutral
305,met friend earlier shotonsnapdragon samsungzfold5,Neutral
306,samsung galaxy z fold 5 6 2 zunanji zaslon 7 56 notranji zaslon v odprtem stanju 154 9 x 129 9 x 6 3 mm zložen 154 9 x 67 1 x 13 5 mm samsung samsungzfold samsungzfold5 zfold5 samsunggalaxyzflod samsunggalaxyzfold5 galaxyzfold5,Neutral
307,flip phone afford right legendary lava flip ultra pro max samsungunpacked samsunggalaxyzflip5 samsungzfold5,Neutral
308,jako że mój s21 ultra trochę jest już niesprawny z mojej winy potrzebowałem czegoś nowego zwykłe smartfony są straszne nudne prawie niczym się nie różnią z roku na rok więc czas na spróbowanie czegoś innego pierwszy składak w życiu trochę jaranko samsungzfold5,Neutral
309,wts samsung z fold5 1tb sein cream fungsi normal body mulus like new kelengkapan fullset original minus price cod tokped samsungzfold5 jualsamsung wts zonauang,Positive
310,z폴드5 표정으로 말하는 후이 가 너무 이뻐 samsungzfold5,Neutral
311,samsung z flip 5 62999 samsung z fold 5 114999 bigbilliondays flipkart flipkartbigbilliondays samsungzflip5 samsungzfold5,Neutral
312,utterly damaging z flip 5 audacity insensitive run company samsungzfold5 samsunguk,Neutral
313,two really good foldables market right one prefer samsungzfold5 oneplusopen,Negative
314,unfold world saving revolutionary samsung z fold 5 1tb experience nextlevel multitasking productivity foldable display dont miss limitedtime offer argonedeals samsungzfold5 dealoftheweek awoof altcoins breakingthecycle fennecfootball,Positive
315,samsung galaxy z fold5 สมารทโฟนจอพบไดกบฟเจอรจดเตม ครบ จบ ในเครองเดยว มาอานรววกนครบบบบ สงซอผานทาง samsung samsungzfold5 galaxyzfold5,Neutral
316,3d billboard campaign brilliant example creative amp innovative marketing sure generate buzz amp excitement around new foldable smartphones leaving lasting impression consumer samsungzfold5 samsungfold marketingdigital,Neutral
317,samsungzfold5 elevate smartphone game cuttingedge feature sleek design preorder secure piece future samsungzfold5 unfoldthefuture samsung samsungzfold samsungfold5,Negative
318,おかえりワテシのパカパカスマホちゃん galaxyzflip5 samsung samsungzflip5,Positive
319,así se vería el diseño del z flip 5 según la filtraciones recientes los colores también serían los oficiales tecnologia samsung samsungzflip zflip5 samsungzflip5,Neutral
320,28122023 ig update 12 งาน christmas กบ samsung z flip5 จากทมโปรดกชน สดเรดจากพจเนยร ใครสนใจตดตอทมพเคาไดท เลยคาา samsungzflip5 ตาหอ daou oueiija ตาหอหอหบการนต ไดโนของตาหอ,Neutral
321,moto razr 40 ultra v samsung flip feel chipset flip 5 better otherwise moto much better samsungzflip5 motorazr40ultra,Negative
322,new samsung galaxy z flip5 skin style protects scratch zero bulk samsung samsunggalaxy galaxyzflip galaxyzflip5 galaxyflipz samsungzflip5,Positive
323,wts hp samsung z flip 5 ram 8gb512 gb samsung care asuransi 1 tahun 18 agust 24 18 agust 2025 waktu beli harga jarang di pake cuma buat mbanking dan netflix masih mulus tidak pernah jatuh lengkap box dan kabel casan zonauang samsungzflip5,Neutral
324,samsung cooking fada lawdsamsungzflip5,Positive
325,selamat kepada member setia win88 yang telah mendapatkan 1 unit samsung z flip 5 dari event gosokgosok berhadiah event masih berlanjut sampai dengan 20 november win88 slotonline slotgacor giveaway iphone15promax samsungzflip5 emas100gr hadiah event,Positive
326,purple dia macam pink yaaa mint pun cantikkk cuba korang vote kat reply samsungzflip5,Neutral
327,foldable phone fussy fancy toaster samsungzflip5 zflip5 foldabletech techinnovation flipphonerevolution futureoftech flexibledisplay galaxyzseries foldablephone cuttingedgetech mobiletech innovation smartphone gadgetlover,Negative
328,samsung galaxy z flip 5 smf731b bag nbtc certification samsung samsungzflip5 samsunggalaxyzflip5,Positive
329,get n20k buy samsung a35 6gb 128gb u promo price n440k contact reliable 07033344030 reliablephones samsunga35,Neutral
330,wts silicone case samsung a35 baru terpakai 1 bulan sejak beli di original store samsung harga asli harga jual cuman jadi daerah cakung cod stasiun cakung let go samsunga35 samsung case,Positive
331,samsung indonesia indonesia merilis varian spesial edition amp warna baru untuk samsunga55 amp samsunga35 warna baru awesome lime bekerjasama dengan mobile legend bonus spesial edition harga samsung galaxy a55 spesial edition 8gb256gb sumber sadapintekno,Positive
332,samsunga35 samsung finally give circle search aseries,Positive
333,samsung a35 5g exynos 1380 single core 698 multi core 2332 samsunga35 techleak mobilenews,Positive
334,samsung calling gamers upcoming galaxy launch event mean samsung a5535 launch 18 20th march samsung galaxya samsunga55 samsunga35,Positive
335,samsung galaxy a35 galaxy a55 launched globally guess much would selling samsung samsunga35 samsunga55 galaxyseries samsunga355g samsunga555g,Positive
336,samsung ko bhi paid promotion karwana pad raha hai samsung samsunga35,Positive
337,samsung a35 5g ra mắt với nhiều tính năng ấn tượng starmặt lưng kính camera nổi starhình ảnh và video sắc nét sống động starmàn hình infinity với nền super amoled starbảo mật toàn với knox cellphone samsunga35 samsung,Positive
338,samsung officially announced samsung india website upcoming galaxy a35 a55 released march 11 excited galaxy a35 a55 launch samsunga55 galaxya55 galaxya35 samsunga35 samsunglaunch samsung,Positive
339,bought samsung a35 silicon case free samsunga35,Neutral
340,dapatkan samsung a55 a35 smartphone antigabutserbangebut dengan bundling yang banyak banget benefitnya selalu jadiinmaulo dengan smartphone yang punya banyak fitur anti gabut yang siap diajak ngebut berkomunikasi amp multitasking samsunga55 samsunga35 antigabutserbangebut,Positive
341,tired waiting phone load galaxy a35 speedy processor make forget slow mean get jazakeja electronics samsunga35 speed jazakeja justiceforkatyperry therock mightdeletelater paulheyman allannamu cern jimiwanjigi,Neutral
342,okay lang kahit hindi naka secure ng concert ticket kasi sobrang lapit ko sakanila createawesome samsunga35 5g samsunga55 5g binixsamsungph binixgalaxyaseries bini,Neutral
343,samsung z fold 6 sale 256gb 512gb callwhatsapp 0752044500 located new pioneer mall pg40 samsung samsungzfold6 fold6,Positive
344,samsungs23 s23,Neutral
345,el cielo de madrid astrophotography samsungs23,Neutral
346,mast offer ab aaya hai bos samsungs23fe 33 999 samsungs23 44 999 kya kahte kaun hai lalantop samsung flipkartbigsavingdays,Neutral
347,colorido anochecer en aep argentina naturaleza atardecer puestadesol sunset crepusculo samsungs23,Neutral
348,grab blend fastselling device top brand different grade unbeatable price act fast get hand device order send dm eze apple ipad iphone13 iphone14 samsunggalaxy watch5pro samsungs23 5gphones,Neutral
349,new alhamdulilah n every blessing lareunion ريال_مدريد_برشلونه roomtoimprove zarcia halamadrid pakvsnz gladiator samsungpakistan samsungs23,Positive
350,ya funciona adaptador de audio mini jack mm tconector tipo c cable de audífonos audio tipo c letig99 salud samsung samsunggalaxys23 samsungs23 samsungs24ultra samsungs23plus samsunggalaxys23ultra samsunggalaxys23plus samsunggalaxys23,Neutral
351,s23 huella dactilar con cristal templado funciona en samsung s23 letig99 salud samsung samsunggalaxys23 samsungs23 samsungs24ultra samsungs23plus samsunggalaxys23ultra samsunggalaxys23plus samsunggalaxys23 huelladactilar cristaltemplado,Positive
352,et vu que je dépense pa mal pour moi nouveau téléphone offert madame le samsungs23 en couleur lavande il est beau il est super réactif mais trop petit pour me gross main reste plus quà trouver le tel idéal samsung smartphones,Neutral
353,moonshot click samsung s23 samsungs23,Neutral
354,atardeciendo en aeroparque argentina 190624 atardecer aep larejaaep avgeek spotter samsungs23,Neutral
355,el poderoso samsungs23 con pantalla dynamic amoled de ram de 8 gb alacenamiento de 256 gb cámara principal de 50 mp 10 mpmp ym 12 frontal de 12 mp click para conferir el valor shoppingchina samsungs23,Neutral
356,one breathtaking sunset privilege witnessing word fail adequately convey profound beauty experience maybe image give feel stormhour photography thephotohour samsungs23 incredibleindia indore,Positive
357,hi know brand work samsungs23 bought didnt work,Neutral
358,cielo samsungs23,Neutral
359,sin dudas un maquinon samsungs23,Neutral
360,la luna dicen que samsungs23,Neutral
361,night photography samsungs23,Neutral
362,day go pro 12 camera phone hopeman beach moray scotland gopro12black samsungs23 photography thephotohour stormhour,Neutral
363,scl samsungs23,Neutral
364,brand new phone samsung s23 ultra 256gb duo price 1 030 000 visit suite 201 divine plaza 14 pepple street computer village ikeja lagos 09059444620 suite f11b shoppes mall 7 akiogun road oniru lagos 08073813311 samsungs23,Neutral
365,istanbul samsungs23,Neutral
366,samsung s23 user finally awaited updated update officially released india samsungs23 samsung23ultra galaxyai samsungupdate,Neutral
367,nature pretty photography samsungs23,Neutral
368,samsungs23 v samsungs24 display border comparison millimeter cut still margin wrong meizu better source,Neutral
369,solar eclipse totality totally cool share pic captured samsungs23 solareclipse2024,Neutral
370,upcoming flipkartbigbilliondays2024 2 deal one guy think best bang buck 1 samsungs23 36999 2 samsungs23fe 27999 usage camera photo video content creation bigbilliondays2024 flipkart,Positive
371,sunny spring day please lovely afternoon walk along belgian promenade menai bridge wasnt allowed take camera mobile instead apsmartphonepicoftheweek photography samsungs23 anglesey menaibridge,Negative
372,een droom maar toch werkelijkheid het noorderlicht vanuit de achtertuin noorderlicht auroraborealis poollicht nijmegen samsungs23,Neutral
373,galaxy ai update released samsungs23 series change log,Neutral
374,im trying new camera setting model buddy samsungs23 expertraw,Neutral
375,onemonthold samsung s23 base battery backup good samsungs23 oneui,Neutral
376,ಹಸ ಕರ ಚತರಣ ನಡ ಅಭಪರಯ ತಳಸ ಹಚ shotonsamsung samsungs23 motioncam,Neutral
377,hoy hemos madrugado un poquito para ver júpiter marte porque ya los echábamos de menos por supuesto ha valido la pena samsungs23,Neutral
378,processed anna image samsung ai samsungai ntr devarabookings devarastorm devara samsungs23,Neutral
379,samsung s23 offer price flipkart summer sale 2024 without offer offer probably without exchange bigsavingsdays2024 samsungs23 flipkart bigsavingsdays2024 image credit,Neutral
380,findhorn beach moray last night loved colour sky thephotohour samsungs23,Positive
381,best flagship samsung google apple part pixel8 samsungs23 samsunggalaxys24 iphone15 s23ultra s24plus wouldnt recommend s23fe iphone14 someone low budget go samsungs24ultra galaxys23ultra pixel9pro iphone16,Positive
382,let try samsungs23,Neutral
383,samsungs22,Neutral
384,level samsungs22,Negative
385,yang samsung samsung aja samsungs22,Positive
386,lunita llena samsungs22 moon,Neutral
387,ranní procházka kousek od domova samsungs22 pribram,Neutral
388,samsungs22,Neutral
389,samsungs22 shotons22 nightphotography astrophotography moon naturalphotography,Neutral
390,bluemoon samsungs22,Neutral
391,wandrin samsungphotography samsungs22,Neutral
392,samsungs22 emi offer aa gya cost emi 24 month kya kahte aap,Neutral
393,lucky day raining castle combe castlecombe england unitedkingdom travel beautifuldestinations withgalaxy samsungs22 travelphotography natgeotravel,Positive
394,reitdiephaven groningen photography samsungs22 samsung photo,Neutral
395,name bird chirping outside window call area samsungs22,Negative
396,yellow streetphotography lumix samsungs22,Neutral
397,samsungs22 took tonight pic il show googlepixel8,Neutral
398,photograghy hobby phonephotography samsungs22 wildlife flower,Neutral
399,andriod samsungs22,Neutral
400,supermoon samsungs22 wellington,Neutral
401,naija grab sleek samsung s22 128gb 430 000 exclusively wale tech ng dont miss amazing deal elevate smartphone game today samsungs22 walestechng exclusivedeal techupgrade,Neutral
402,easy switch sims esim activated device grab iphone xr upwards android samsungs22 upwards enter airteltigo office get esim lifeissimple airteltigoesim,Neutral
403,whats sunset look like tonight unedited samsungs22 photography sunsetsummerfever,Neutral
404,clicked today delhi rain samsung samsungs22 shotonsamsung rain champa flower nature,Neutral
405,wee visit achnahaird zero light lying hail made feel wee bit different scotland samsungs22 lightrooommobile,Neutral
406,sorrounded beauty every season sharetheepic samsungs22 withgalaxy samsung naturephotography,Neutral
407,mi bebes ponete la 10 dame cange samsungs21 samsungs22 samsungs23,Neutral
408,samsung galaxy s23 v samsung galaxy s22 detailed comparison samsungs23 samsungs22 samsung fiiber,Neutral
409,finalmente abandonei selfies com filtro insta essa celular consegue deixar jeito que vejo espelho amém samsungs22,Neutral
410,good morning everyone samsung s22 samsungs22 s23,Positive
411,last night moon bit disappointed camera samsungs22 thought would clearer,Positive
412,anybody want charging case samsung galaxy s22 handy thing youve got s22 ultra sentthewrongone samsungs22,Positive
413,classic filter samsungs22 sky kitimat britishcolumbia,Neutral
414,tonight moon samsungs22,Neutral
415,imagínate llevarte tu s22 normal de 256gb tu preplan bigcel de 12 me llamadas sm internet para navegar por 12 500 quien dijo yo tenemos más ofertas que te aseguro te quedas con una samsung samsungunpacked samsungs22 internet,Neutral
416,sunset yesterday mbadlane magical shot photo windscreen moving car samsungs22 eswatini sunsetlovers sunsetparadise,Negative
417,flying today caught shot eclipse airport airplane samsungs22,Positive
418,eu achei impressionante qualidade da foto modo noturno samsungs22,Neutral
419,new version samsung expertraw app released changelog image quality improved error fixed let utility app android samsungs23 samsungs22 editing camera raw,Neutral
420,hey whats happening app android samsungs22,Neutral
421,black friday sale get awesome discount refurbished smartphones cashify offer live cashify website app store cashify refurbishedphones usedphones iphone11 iphone12 iphone13 iphone14 samsungs23 samsungs22 oneplus,Neutral
422,gökyüzü samsunga54 samsung,Positive
423,güneşin samsunga54,Neutral
424,wts samsung galaxy a54 8256 garansi resmi garansi masih ada nego yaaa codshopeetokped bisa yaaaa buat yg minat langsung dm aja samsunga54 wtssamsunga54 jualhpsamsung,Positive
425,buscas un gran celular al mejor precio aquí está con alta resistencia contra polvo agua una cámara de alta gama además de altavoces estéreo el samsung a54 e una excelente opción tienes alguna duda contáctanos por whatsapp 55 6809 0806 attvipmx samsunga54,Neutral
426,flower nature photography samsunga54,Neutral
427,nightview photography samsunga54,Neutral
428,new phone day newphone samsunga54,Negative
429,victoria day photography nature samsunga54,Neutral
430,highest ever 5g recorded samsunga54 airtel good,Positive
431,may 26 2024 写真 photography nature samsunga54,Negative
432,外は36度で太陽が灼熱です 写真 nature photography summer samsunga54,Neutral
433,waarom zij beide fotos 23mm terwijl de full meer ingezoomd dan 34 samsung samsunga54,Positive
434,corona de cristo copoya chiapas naturephotography flower macro samsunga54,Neutral
435,flor de cactácea naturephotography chiapas mexico macrophotography samsunga54,Neutral
436,blue amp green photography nature samsunga54,Neutral
437,qué bonito e el otoño parqueandalucía alcobendas samsunga54,Neutral
438,probando la cámara del samsunga54 bad eh,Neutral
439,one ui schedule updated date device next target date may 14 galaxy a54 galaxy a53 galaxy s21 fe galaxy s22 series galaxy z fold4 flip4 samsung oneui sahejsain samsunga54 samsunga53 samsungs22ultra,Neutral
440,ஒர சமம 5g smartphone ஆன samsung a34 5g really worth price tb video link samsunggalaxya345g samsunga34 techbuddies tamil,Neutral
441,samsung galaxy a34 kiểu dáng thanh lịch giá ưu đãi tại cellphone cellphone samsung samsunga34,Positive
442,sunrise sunrise photography samsungunpacked samsunga34,Neutral
443,pointek discount sale buy samsung a34 a54 save n150 000 today hurry 08077102491 pointekonline 54 discount samsunga34 samsung samsunga54,Neutral
444,save big highquality product shukisha ensures topclass price unmatched locally internationally elevate bidding game shukishaauctions lowest uniquebid onshukisha bidon samsunga34 appleairpods,Neutral
445,elevate tech game shukishaauctions bid sleek samsung a34 immerse apple airpods experience unbeatable deal await dont let opportunity slip away llowest uniquebid onshukisha bidon samsunga34 appleairpods,Negative
446,sitting alone enjoying water flow ever gently reed swaying cool breeze chirping bird morningvibes photography samsunga34,Neutral
447,samsung a34 started recieving circle search india galaxya34 samsunga34 oneui oneui6,Negative
448,diseño elegante su diseño estilizado ergonómico se adapta perfectamente tu mano ofreciéndote comodidad estilo en cada interacción samsunga34 smartphone piensads visita nuestra tienda en línea,Neutral
449,ticktock timer ally shukisha run lowest unique bid win register chance score incredible deal shukishaauctions lowest uniquebid onshukisha bidon samsunga34 appleairpods,Neutral
450,part excitement shukisha bid exclusive item enjoy competitive edge acquiring topnotch tech future tech treasure await shukishaauctions lowest uniquebid onshukisha bidon samsunga34 appleairpods,Neutral
451,समसग क इस फन पर मल रह ह बपर छट सटक खतम हन स पहल कर आरडर samsung samsungmobile samsunga34 पर खबर पढ,Neutral
