,full_text,prediction
0,day challeng back repli amp like menangkan galaxywatch seri serta kesempatan untuk join day challeng untuk capai goal hidup yang lebih sehat ditunggu hingga mei,Positive
1,anoth reason dont mind use samsung featur built photo yawppp,Negative
2,samsung,Positive
3,anthoni jeanjean remport luci bmx freestyl park wolrd cup montpelli fisemontpelli ucibmxf montpelli montpellierm occitani samsung nissan ridetsg francetvslash ffcyclism nrjhitmusiconli,Positive
4,mani connect devic mani password data samsungtv knox vault chip shield onlin threat eas activ enjoy home entertain learn whysamsungtv samsungtvid,Positive
5,anjlok iphon amp samsung flagship turun harga thread,Positive
6,dump samsung bought honor magic rsr porsch,Positive
7,samsung camera,Positive
8,son amaz soul he alway think wonder analyz futur incred talk anyth everyth proud son cant wait see what store portrait photographi samsung sultra,Positive
9,love samsung featur slow video hold screen saur cool,Positive
10,new samsung galaxi,Positive
11,tem vergonha gastar com tendo samsung todo fodido dess,Positive
12,gak hanya iphon yang anjlok samsung lebih anjlok lagi save aja dulu ada duit ga thread httpstcogkoqrpu,Positive
13,experi crystal clear color favorit content samsungtv crystaluhd get see pictur qualiti combin airslim design fit space home solarcel remot power indoor light sunlight samsungtvid,Positive
14,thread jungwon fansit clip photo samsung galaxi fanmad concert dalla credit ukiiiuh enhypen sweet galaxi night galaxyxenhypen enhypenjungwon jungwon enhypenmemb,Positive
15,appl logo offici function samsung,Positive
16,samsung galaxi watch best smartwatch right,Positive
17,decid work art watch samsung thefram transform canva display galleri masterpiec make wall inspir discov art life,Positive
18,gak hanya iphon yang anjlok samsung lebih parah nih thread,Positive
19,feliz diadelasmadr discov new way share connect mother life use live translat galaxyai,Negative
20,galaxi samsung galaxyf,Positive
21,context whole buy samsung use concert thing would like remind everyon congo bleed human right notori abus big corpor peopl often children exploit put,Positive
22,amazonsamsung pro adataxpgtb,Positive
23,reaction pull samsung lol,Negative
24,awar diet progress track detail bodi composit galaxywatch classic amp galaxyzfold repli wan reach goal galaxywatch classic get httpstcoeiztyvi,Positive
25,new canada help exclus samsung technolog deal build thrive futur regist smartstart elig evouch toward first purchas term condit appli newtocanada samsungcanada httpstcoxemxov,Negative
26,giveaway samsung galaxi hari ini mimin mau giveaway samsung galaxi senilai nih caranya follow shopeeid amp like tweet ini klik banner bawah ini repli fitur apa yang pale kamu suka dari galaxi good luck,Positive
27,samsung admin straight delusion,Positive
28,samsung deal,Positive
29,samsung kitchen applianc httpstcofuxwpm,Positive
30,samsung love iphon bug httpstcodryxco,Positive
31,enha see group peopl samsung event,Positive
32,anni moon samsung founder black label upcom girl group lineup wont debut group httpstcolzchhmb,Positive
33,choos one appl samsung ecosystem,Negative
34,didnt get anywher special went girlfriend parent pretti cool barn shot samsung phone pro mode auroraboreali solarstorm,Positive
35,tanyakanrl cara matiin buat samsung user,Negative
36,unreal night enhypen amaz galaxi fan galaxyfanmad,Positive
37,anni moon samsung chairman granddaught drop black label new girlgroup line httpstcoidrjeg,Positive
38,veio travou samsung,Positive
39,fate there still samsung event,Positive
40,samsung pehli baar vegan leather use kia hai apn phone main dikhn main kaafi aacha qualiti lag raha hai aap batao aapko kaisa lag raha hai,Negative
41,vertic video ad complet gamechang samsung achiev impress result launch phone vertic video ad engag rate compar cost per engag compar standard promot video,Negative
42,tawang tawa sau gwenni binalik naman samsung goi httpstcofustpm,Positive
43,appl ipad pro samsung tab ultra slaughter even funni anymor,Negative
44,samsung httpstcolbfdtat,Positive
45,genc music offer samsung perform art theater best kaya gawin pwede buo matter mani time see perform alway feel like first constantli awe talent also pogi pogi niyaaaa,Positive
46,samsung releas gadget year samsung galaxi ring smart ring isnt new samsung galaxi ring make health track even better absolut winner term stronger samsung galaxi ecosystem buy,Positive
47,comment wild appl never win appl add tandem ole display samsung make appl display appl add world fastest tablet chip ipado appl make ipad thinner lighter snap like cracker,Positive
48,concour zlan weekend tre charg alor pour bien commenc samsung qled consol dition standard gagner pour tenter chanc follow cdiscountgam ta cdiscountzlan,Positive
49,samsung galaxi fanmad heeseung enhypen,Positive
50,samsung galaxi fanmad heeseung enhypen,Positive
51,incred crane work samsung billion texa chip plant one build alon footbal field long need construct worker plant cuttingedg chip advanc packag hbm start earli expect open,Negative
52,let distanc languag keep apart use galaxyai live translat let translat languag bahasa indonesia effortlessli talk love one regardless distanc download galaxi seri easywithindo httpstcojjdxagd,Negative
53,xrt slow get traction still even one big account talk airarobonom appl amazon samsung get smart home robot meanwhil xrt alreadi infrastructur product million,Positive
54,jenni paus rap co laugh fan drew samsung logo iphon case,Positive
55,lauri perez remport luci bmx freestyl park wolrd cup montpelli fisemontpelli ucibmxf montpelli montpellierm occitani samsung nissan ridetsg francetvslash ffcyclism nrjhitmusiconli,Positive
56,come epitom craftsmanship sheer visual delight treat palm hold present allnew galaxyf classi vegan leather fine saddl stitch pattern fusion cuttingedg technolog timeless artistri come soon,Positive
57,samsung gaezotbob lol,Positive
58,atencin hay sorteo pod ganar galaxyzflip uno galaxybudsf solo una verdadera armi reconoc btsbighit btsxgalaxi particip,Negative
59,anoth reason dont mind use samsung featur built photo yawppp,Negative
60,samsung,Positive
61,day challeng back repli amp like menangkan galaxywatch seri serta kesempatan untuk join day challeng untuk capai goal hidup yang lebih sehat ditunggu hingga mei,Positive
62,anthoni jeanjean remport luci bmx freestyl park wolrd cup montpelli fisemontpelli ucibmxf montpelli montpellierm occitani samsung nissan ridetsg francetvslash ffcyclism nrjhitmusiconli,Positive
63,samsung camera,Positive
64,mani connect devic mani password data samsungtv knox vault chip shield onlin threat eas activ enjoy home entertain learn whysamsungtv samsungtvid,Positive
65,anjlok iphon amp samsung flagship turun harga thread,Positive
66,anni moon samsung founder black label upcom girl group lineup wont debut group httpstcolzchhmb,Positive
67,love samsung featur slow video hold screen saur cool,Positive
68,didnt get anywher special went girlfriend parent pretti cool barn shot samsung phone pro mode auroraboreali solarstorm,Positive
69,reaction pull samsung lol,Negative
70,samsung admin straight delusion,Positive
71,thread jungwon fansit clip photo samsung galaxi fanmad concert dalla credit ukiiiuh enhypen sweet galaxi night galaxyxenhypen enhypenjungwon jungwon enhypenmemb,Positive
72,dump samsung bought honor magic rsr porsch,Positive
73,veio travou samsung,Positive
74,context whole buy samsung use concert thing would like remind everyon congo bleed human right notori abus big corpor peopl often children exploit put,Positive
75,tem vergonha gastar com tendo samsung todo fodido dess,Positive
76,giveaway samsung galaxi hari ini mimin mau giveaway samsung galaxi senilai nih caranya follow shopeeid amp like tweet ini klik banner bawah ini repli fitur apa yang pale kamu suka dari galaxi good luck,Positive
77,gak hanya iphon yang anjlok samsung lebih anjlok lagi save aja dulu ada duit ga thread httpstcogkoqrpu,Positive
78,day ce tech develop incred impress reveal ce far world first transpar microl screen samsung httpstcomiehvwa,Positive
79,samsung introduc new mobil phone screen concept ce think,Negative
80,samsung ultra use holi fvck,Negative
81,samsung debut world first transpar microl screen ce,Positive
82,manchest unit aig chelsea samsung barcelona unicef real madrid bwin,Negative
83,aku baru pake samsung tapi bingung mau eksplorenya bahkan ini theme juga masih default info dong mase suhu persamsungan httpstcozjaknex,Positive
84,samsung parceria com pokemon compani anuncia fone galaxi bud temtico franquia sero comercializado coreia sul modelo ditto jigglypuff snorlax httpstcooodadc,Positive
85,break appl amazon samsung tv support upcom app,Positive
86,ayo bantu temanteman twitter yang sedang kebingungan mencari yang bagu buat motret dengan ngasi referensi kolom repli lewat hasil fotofoto kalian yang keren itu saya duluan samsung,Negative
87,tanyakanrl cara matiin buat samsung user,Negative
88,gak hanya iphon yang anjlok samsung lebih parah nih thread,Positive
89,amazonsamsung pro adataxpgtb,Positive
90,buensima nueva funcin la heladera samsung tien cmara interna que registran cada alimento que entra sale recomienda receta funcin que queda heladera alimento est por vencer enva notificacin,Negative
91,samsung introduc world first transpar microl screen ce httpstcovftxazk,Positive
92,anni moon samsung chairman granddaught drop black label new girlgroup line httpstcoidrjeg,Positive
93,look know werent wonder somebodi walk step smartwatch see accur result appl watch ultra garmin fenix samsung galaxi watch googl pixel watch cheap pedomet,Positive
94,random person post probabl could sell samsung phone actual commerci,Positive
95,decid work art watch samsung thefram transform canva display galleri masterpiec make wall inspir discov art life,Positive
96,choos one appl samsung ecosystem,Negative
97,genc music offer samsung perform art theater best kaya gawin pwede buo matter mani time see perform alway feel like first constantli awe talent also pogi pogi niyaaaa,Positive
98,appl ipad pro samsung tab ultra slaughter even funni anymor,Negative
99,galaxi samsung galaxyf,Positive
100,enha see group peopl samsung event,Positive
101,samsung love iphon bug httpstcodryxco,Positive
102,samsung gaezotbob lol,Positive
103,samsung deal,Positive
104,jadwal saya rabu ini insya allah mengisi kajian epson indonesia dan samsung electron indonesia bersama dtpeduli silahkan teman karyawan epson amp samsung merapat masih dengan dtpeduli insya allah ahad mei saya akan mendampingi gurunda aagym mengisi kajian,Positive
105,kchartsmast saw news said samsung chairman granddaught deserv much goodby,Positive
106,samsung kitchen applianc httpstcofuxwpm,Positive
107,tawang tawa sau gwenni binalik naman samsung goi httpstcofustpm,Positive
108,feliz diadelasmadr discov new way share connect mother life use live translat galaxyai,Negative
109,galaxya knox vault httpstcolfqwurl,Negative
110,samsung pehli baar vegan leather use kia hai apn phone main dikhn main kaafi aacha qualiti lag raha hai aap batao aapko kaisa lag raha hai,Negative
111,appl logo offici function samsung,Positive
112,samsungun gelecek duyuraca galaxi ultra modelinin ram depolama alan kapasitesi ortaya,Positive
113,concour zlan weekend tre charg alor pour bien commenc samsung qled consol dition standard gagner pour tenter chanc follow cdiscountgam ta cdiscountzlan,Positive
114,awar diet progress track detail bodi composit galaxywatch classic amp galaxyzfold repli wan reach goal galaxywatch classic get httpstcoeiztyvi,Positive
115,new canada help exclus samsung technolog deal build thrive futur regist smartstart elig evouch toward first purchas term condit appli newtocanada samsungcanada httpstcoxemxov,Negative
116,samsung galaxi fanmad heeseung enhypen,Positive
117,eurovis avezv messag adress aux tlspectateur isralien sliman voir non bout de lvre climat antisionist voir antismit qui rgne eurovis est monstrueux regard jamai cett chienli cett ann voterai isral,Negative
118,home samsung galaxi fanmad alex flore hello sunshin rob grimaldi butter bt love hate blackpink ryan curti,Positive
119,fate there still samsung event,Positive
120,incred crane work samsung billion texa chip plant one build alon footbal field long need construct worker plant cuttingedg chip advanc packag hbm start earli expect open,Negative
121,lauri perez remport luci bmx freestyl park wolrd cup montpelli fisemontpelli ucibmxf montpelli montpellierm occitani samsung nissan ridetsg francetvslash ffcyclism nrjhitmusiconli,Positive
122,bini love samsung,Positive
123,funniest joke ever heard samsung explan galaxi ultra graini screen featur ridicul obviou screen fault function pleas ask samsung remov need retard essenti,Positive
124,look nation artist music ryan cayabyab celebr birthday twonight gen concert samsung perform art theater makati renown perform basil valdez regin velasquez vice ganda bini part concert abscbnnew httpstcohyoaesj,Positive
125,listen iphon samsung phone real amp reward,Positive
126,jenni paus rap co laugh fan drew samsung logo iphon case,Positive
127,experi crystal clear color favorit content samsungtv crystaluhd get see pictur qualiti combin airslim design fit space home solarcel remot power indoor light sunlight samsungtvid,Positive
128,classic samsung everi appl event,Positive
129,genc music offer samsung perform art theater shine brightest thing love said nervou slay everi bit perform deserv prais stellajero hope know deserv httpstcorojvvug,Positive
130,samsung slomo featur,Positive
131,comment wild appl never win appl add tandem ole display samsung make appl display appl add world fastest tablet chip ipado appl make ipad thinner lighter snap like cracker,Positive
132,atencin hay sorteo pod ganar galaxyzflip uno galaxybudsf solo una verdadera armi reconoc btsbighit btsxgalaxi particip,Negative
133,samsung httpstcolbfdtat,Positive
134,xrt slow get traction still even one big account talk airarobonom appl amazon samsung get smart home robot meanwhil xrt alreadi infrastructur product million,Positive
135,samsung,Positive
136,precinho absurdo na samsung smart samsung uhd use cupom toma pix pix,Positive
137,son amaz soul he alway think wonder analyz futur incred talk anyth everyth proud son cant wait see what store portrait photographi samsung sultra,Positive
138,galaxi galaxyai livetransl samsung one,Positive
139,samsung suffer denial,Positive
140,samsung sphn,Positive
141,macbook pro cori samsung sultra sultra note note ultra iphon tiwa savag opay bobriski mose bliss ibd dend teni oluomo drake fisayo httpstcosyaezom,Negative
142,vertic video ad complet gamechang samsung achiev impress result launch phone vertic video ad engag rate compar cost per engag compar standard promot video,Negative
143,tecno fold samsung fold pick,Positive
144,ultra save samsung point,Positive
145,samsung launch new inch microl korea price wtf expens actual throw free inch worth free hotel stay worth,Negative
146,user use samsung galaxi,Positive
147,mend samsung atau sekaliann pliss testimoninya udah belii ada bilang worth kameranya,Positive
148,pet cuddl newborn giggleseveri moment mom masterpiec mothersday reliv magic moment instant slowmo galaxi seri,Positive
149,flag ad emoji list big work one emoji make everyon goe emoji list search flag googl applesupport samsung xiaomi microsoft elonmusk samsungmobil appl samsungu,Positive
150,samsung dalla love bill soooooo much jungwon httpstcopanmxhk,Positive
151,samsung peut mme filmer autr bout terr resterai tjr chez appl,Positive
152,unreal night enhypen amaz galaxi fan galaxyfanmad,Positive
153,let distanc languag keep apart use galaxyai live translat let translat languag bahasa indonesia effortlessli talk love one regardless distanc download galaxi seri easywithindo httpstcojjdxagd,Negative
154,ad spec spectrallab portfolio backer rais toptier vc like polychain galaxi parafi circl jump gradient franklin templeton samsung team fulli dox team previous work coinbas loopr scroll etc senior partner httpstcoujiuvfc,Positive
155,samsung galaxi fanmad heeseung enhypen,Positive
156,samsung releas gadget year samsung galaxi ring smart ring isnt new samsung galaxi ring make health track even better absolut winner term stronger samsung galaxi ecosystem buy,Positive
157,watch bald eagl bring fish nest cool pictur taken close yard away samsung win httpstcohdnkywi,Positive
158,low key samsung right,Positive
159,kconjapan galaxi popup studio,Positive
160,samsung galleri googl photo,Positive
161,guy zoom whole mayvil pavilion samsung saw crib,Negative
162,chose goat iphon samsung,Negative
163,samsung,Positive
164,buy one saal purana refriger kharb gaya humhara samsung,Positive
165,samsung galaxi leather back unbox come soon galaxyf,Positive
166,download respect samsung wallet increas,Positive
167,siapa yang punya wishlist upgrad galaxi seri terbaru yuk wujudkan prose pengajuan amp persetujuannya mudah cepat amp aman nikmati mulai dari amp bunga rendah bisasekarang bawa pulang galaxi impian info lengkap httpstcoepccoqp,Positive
168,order lavao gold receiv samsung phone ive complet open packag yet amazonin hell ive deal situat lavamobil choos seller wise,Negative
169,even peopl use samsung ultra run snapdragon gener massiv refresh rate,Negative
170,samsung galaxi fanmad galaxyfanmad enhypen heeseung,Positive
171,never imagin would use rate much smartphon samsung made possibl kudo,Positive
172,love basic imposs play game samsung current,Positive
173,urgent menina milenar consegu comprar celular novo atrav doae seu seguidor via pix semforo modelo samsung httpstcoqhhdvzr,Negative
174,avail open box samsung galaxi seri box accessori super neat condit dual sim physic amp esim plu plu ultra splu,Positive
175,perdemo anni moon traine conhecida por ser bisneta fundador samsung saiu lineup novo grupo black label,Negative
176,samsung vlogger aiah httpstcozkdjnlh,Positive
177,samsung marca celular com melhor relao qualidadepreo mundo ma nem todo sabem como utilizar corretament aqui esto funcionalidad que muito pouca pessoa conhecem guardar para mai tard,Negative
178,anoth reason dont mind use samsung featur built photo yawppp,Negative
179,samsung,Positive
180,day challeng back repli amp like menangkan galaxywatch seri serta kesempatan untuk join day challeng untuk capai goal hidup yang lebih sehat ditunggu hingga mei,Positive
181,anthoni jeanjean remport luci bmx freestyl park wolrd cup montpelli fisemontpelli ucibmxf montpelli montpellierm occitani samsung nissan ridetsg francetvslash ffcyclism nrjhitmusiconli,Positive
182,samsung camera,Positive
183,mani connect devic mani password data samsungtv knox vault chip shield onlin threat eas activ enjoy home entertain learn whysamsungtv samsungtvid,Positive
184,anjlok iphon amp samsung flagship turun harga thread,Positive
185,anni moon samsung founder black label upcom girl group lineup wont debut group httpstcolzchhmb,Positive
186,tem vergonha gastar com tendo samsung todo fodido dess,Positive
187,love samsung featur slow video hold screen saur cool,Positive
188,didnt get anywher special went girlfriend parent pretti cool barn shot samsung phone pro mode auroraboreali solarstorm,Positive
189,reaction pull samsung lol,Negative
190,samsung admin straight delusion,Positive
191,thread jungwon fansit clip photo samsung galaxi fanmad concert dalla credit ukiiiuh enhypen sweet galaxi night galaxyxenhypen enhypenjungwon jungwon enhypenmemb,Positive
192,dump samsung bought honor magic rsr porsch,Positive
193,veio travou samsung,Positive
194,context whole buy samsung use concert thing would like remind everyon congo bleed human right notori abus big corpor peopl often children exploit put,Positive
195,tanyakanrl cara matiin buat samsung user,Negative
196,gak hanya iphon yang anjlok samsung lebih anjlok lagi save aja dulu ada duit ga thread httpstcogkoqrpu,Positive
197,day ce tech develop incred impress reveal ce far world first transpar microl screen samsung httpstcomiehvwa,Positive
198,iphon samsung,Negative
199,samsung ultra use holi fvck,Negative
200,samsung debut world first transpar microl screen ce,Positive
201,samsung introduc new mobil phone screen concept ce think,Negative
202,samsung parceria com pokemon compani anuncia fone galaxi bud temtico franquia sero comercializado coreia sul modelo ditto jigglypuff snorlax httpstcooodadc,Positive
203,aku baru pake samsung tapi bingung mau eksplorenya bahkan ini theme juga masih default info dong mase suhu persamsungan httpstcozjaknex,Positive
204,ayo bantu temanteman twitter yang sedang kebingungan mencari yang bagu buat motret dengan ngasi referensi kolom repli lewat hasil fotofoto kalian yang keren itu saya duluan samsung,Negative
205,manchest unit aig chelsea samsung barcelona unicef real madrid bwin,Negative
206,break appl amazon samsung tv support upcom app,Positive
207,random person post probabl could sell samsung phone actual commerci,Positive
208,forget vision pro samsung year ago httpstcoreivvir,Positive
209,experi crystal clear color favorit content samsungtv crystaluhd get see pictur qualiti combin airslim design fit space home solarcel remot power indoor light sunlight samsungtvid,Positive
210,look know werent wonder somebodi walk step smartwatch see accur result appl watch ultra garmin fenix samsung galaxi watch googl pixel watch cheap pedomet,Positive
211,samsung block valkyra mistakingli identifi random person nowdelet tweet,Negative
212,feliz diadelasmadr discov new way share connect mother life use live translat galaxyai,Negative
213,appl logo offici function samsung,Positive
214,gak hanya iphon yang anjlok samsung lebih parah nih thread,Positive
215,new canada help exclus samsung technolog deal build thrive futur regist smartstart elig evouch toward first purchas term condit appli newtocanada samsungcanada httpstcoxemxov,Negative
216,galaxi samsung galaxyf,Positive
217,giveaway samsung galaxi hari ini mimin mau giveaway samsung galaxi senilai nih caranya follow shopeeid amp like tweet ini klik banner bawah ini repli fitur apa yang pale kamu suka dari galaxi good luck,Positive
218,amazonsamsung pro adataxpgtb,Positive
219,anni moon samsung chairman granddaught drop black label new girlgroup line httpstcoidrjeg,Positive
220,decid work art watch samsung thefram transform canva display galleri masterpiec make wall inspir discov art life,Positive
221,choos one appl samsung ecosystem,Negative
222,appl ipad pro samsung tab ultra slaughter even funni anymor,Negative
223,genc music offer samsung perform art theater best kaya gawin pwede buo matter mani time see perform alway feel like first constantli awe talent also pogi pogi niyaaaa,Positive
224,enha see group peopl samsung event,Positive
225,samsung love iphon bug httpstcodryxco,Positive
226,samsung gaezotbob lol,Positive
227,samsung deal,Positive
228,jadwal saya rabu ini insya allah mengisi kajian epson indonesia dan samsung electron indonesia bersama dtpeduli silahkan teman karyawan epson amp samsung merapat masih dengan dtpeduli insya allah ahad mei saya akan mendampingi gurunda aagym mengisi kajian,Positive
229,samsung kitchen applianc httpstcofuxwpm,Positive
230,kchartsmast saw news said samsung chairman granddaught deserv much goodby,Positive
231,tawang tawa sau gwenni binalik naman samsung goi httpstcofustpm,Positive
232,galaxya knox vault httpstcolfqwurl,Negative
233,samsung pehli baar vegan leather use kia hai apn phone main dikhn main kaafi aacha qualiti lag raha hai aap batao aapko kaisa lag raha hai,Negative
234,comment wild appl never win appl add tandem ole display samsung make appl display appl add world fastest tablet chip ipado appl make ipad thinner lighter snap like cracker,Positive
235,samsungun gelecek duyuraca galaxi ultra modelinin ram depolama alan kapasitesi ortaya,Positive
236,awar diet progress track detail bodi composit galaxywatch classic amp galaxyzfold repli wan reach goal galaxywatch classic get httpstcoeiztyvi,Positive
237,concour zlan weekend tre charg alor pour bien commenc samsung qled consol dition standard gagner pour tenter chanc follow cdiscountgam ta cdiscountzlan,Positive
238,samsung galaxi fanmad heeseung enhypen,Positive
239,eurovis avezv messag adress aux tlspectateur isralien sliman voir non bout de lvre climat antisionist voir antismit qui rgne eurovis est monstrueux regard jamai cett chienli cett ann voterai isral,Negative
240,home samsung galaxi fanmad alex flore hello sunshin rob grimaldi butter bt love hate blackpink ryan curti,Positive
241,xrt slow get traction still even one big account talk airarobonom appl amazon samsung get smart home robot meanwhil xrt alreadi infrastructur product million,Positive
242,fate there still samsung event,Positive
243,lauri perez remport luci bmx freestyl park wolrd cup montpelli fisemontpelli ucibmxf montpelli montpellierm occitani samsung nissan ridetsg francetvslash ffcyclism nrjhitmusiconli,Positive
244,incred crane work samsung billion texa chip plant one build alon footbal field long need construct worker plant cuttingedg chip advanc packag hbm start earli expect open,Negative
245,bini love samsung,Positive
246,funniest joke ever heard samsung explan galaxi ultra graini screen featur ridicul obviou screen fault function pleas ask samsung remov need retard essenti,Positive
247,listen iphon samsung phone real amp reward,Positive
248,look nation artist music ryan cayabyab celebr birthday twonight gen concert samsung perform art theater makati renown perform basil valdez regin velasquez vice ganda bini part concert abscbnnew httpstcohyoaesj,Positive
249,jenni paus rap co laugh fan drew samsung logo iphon case,Positive
250,classic samsung everi appl event,Positive
251,genc music offer samsung perform art theater shine brightest thing love said nervou slay everi bit perform deserv prais stellajero hope know deserv httpstcorojvvug,Positive
252,samsung slomo featur,Positive
253,atencin hay sorteo pod ganar galaxyzflip uno galaxybudsf solo una verdadera armi reconoc btsbighit btsxgalaxi particip,Negative
254,samsung httpstcolbfdtat,Positive
255,samsung,Positive
256,precinho absurdo na samsung smart samsung uhd use cupom toma pix pix,Positive
257,galaxi galaxyai livetransl samsung one,Positive
258,son amaz soul he alway think wonder analyz futur incred talk anyth everyth proud son cant wait see what store portrait photographi samsung sultra,Positive
259,samsung suffer denial,Positive
260,samsung sphn,Positive
261,macbook pro cori samsung sultra sultra note note ultra iphon tiwa savag opay bobriski mose bliss ibd dend teni oluomo drake fisayo httpstcosyaezom,Negative
262,vertic video ad complet gamechang samsung achiev impress result launch phone vertic video ad engag rate compar cost per engag compar standard promot video,Negative
263,tecno fold samsung fold pick,Positive
264,ultra save samsung point,Positive
265,samsung launch new inch microl korea price wtf expens actual throw free inch worth free hotel stay worth,Negative
266,user use samsung galaxi,Positive
267,pet cuddl newborn giggleseveri moment mom masterpiec mothersday reliv magic moment instant slowmo galaxi seri,Positive
268,mend samsung atau sekaliann pliss testimoninya udah belii ada bilang worth kameranya,Positive
269,flag ad emoji list big work one emoji make everyon goe emoji list search flag googl applesupport samsung xiaomi microsoft elonmusk samsungmobil appl samsungu,Positive
270,samsung peut mme filmer autr bout terr resterai tjr chez appl,Positive
271,samsung dalla love bill soooooo much jungwon httpstcopanmxhk,Positive
272,unreal night enhypen amaz galaxi fan galaxyfanmad,Positive
273,let distanc languag keep apart use galaxyai live translat let translat languag bahasa indonesia effortlessli talk love one regardless distanc download galaxi seri easywithindo httpstcojjdxagd,Negative
274,samsung galaxi fanmad heeseung enhypen,Positive
275,ad spec spectrallab portfolio backer rais toptier vc like polychain galaxi parafi circl jump gradient franklin templeton samsung team fulli dox team previous work coinbas loopr scroll etc senior partner httpstcoujiuvfc,Positive
276,samsung releas gadget year samsung galaxi ring smart ring isnt new samsung galaxi ring make health track even better absolut winner term stronger samsung galaxi ecosystem buy,Positive
277,even peopl use samsung ultra run snapdragon gener massiv refresh rate,Negative
278,watch bald eagl bring fish nest cool pictur taken close yard away samsung win httpstcohdnkywi,Positive
279,low key samsung right,Positive
280,kconjapan galaxi popup studio,Positive
281,samsung galleri googl photo,Positive
282,guy zoom whole mayvil pavilion samsung saw crib,Negative
283,chose goat iphon samsung,Negative
284,samsung,Positive
285,buy one saal purana refriger kharb gaya humhara samsung,Positive
286,samsung galaxi leather back unbox come soon galaxyf,Positive
287,download respect samsung wallet increas,Positive
288,siapa yang punya wishlist upgrad galaxi seri terbaru yuk wujudkan prose pengajuan amp persetujuannya mudah cepat amp aman nikmati mulai dari amp bunga rendah bisasekarang bawa pulang galaxi impian info lengkap httpstcoepccoqp,Positive
289,order lavao gold receiv samsung phone ive complet open packag yet amazonin hell ive deal situat lavamobil choos seller wise,Negative
290,never imagin would use rate much smartphon samsung made possibl kudo,Positive
291,samsung galaxi fanmad galaxyfanmad enhypen heeseung,Positive
292,love basic imposs play game samsung current,Positive
293,urgent menina milenar consegu comprar celular novo atrav doae seu seguidor via pix semforo modelo samsung httpstcoqhhdvzr,Negative
294,avail open box samsung galaxi seri box accessori super neat condit dual sim physic amp esim plu plu ultra splu,Positive
295,samsung vlogger aiah httpstcozkdjnlh,Positive
296,perdemo anni moon traine conhecida por ser bisneta fundador samsung saiu lineup novo grupo black label,Negative
297,anoth reason dont mind use samsung featur built photo yawppp,Negative
298,samsung,Positive
299,day challeng back repli amp like menangkan galaxywatch seri serta kesempatan untuk join day challeng untuk capai goal hidup yang lebih sehat ditunggu hingga mei,Positive
300,anthoni jeanjean remport luci bmx freestyl park wolrd cup montpelli fisemontpelli ucibmxf montpelli montpellierm occitani samsung nissan ridetsg francetvslash ffcyclism nrjhitmusiconli,Positive
301,samsung camera,Positive
302,mani connect devic mani password data samsungtv knox vault chip shield onlin threat eas activ enjoy home entertain learn whysamsungtv samsungtvid,Positive
303,anjlok iphon amp samsung flagship turun harga thread,Positive
304,anni moon samsung founder black label upcom girl group lineup wont debut group httpstcolzchhmb,Positive
305,love samsung featur slow video hold screen saur cool,Positive
306,tem vergonha gastar com tendo samsung todo fodido dess,Positive
307,didnt get anywher special went girlfriend parent pretti cool barn shot samsung phone pro mode auroraboreali solarstorm,Positive
308,samsung admin straight delusion,Positive
309,reaction pull samsung lol,Negative
310,thread jungwon fansit clip photo samsung galaxi fanmad concert dalla credit ukiiiuh enhypen sweet galaxi night galaxyxenhypen enhypenjungwon jungwon enhypenmemb,Positive
311,dump samsung bought honor magic rsr porsch,Positive
312,veio travou samsung,Positive
313,context whole buy samsung use concert thing would like remind everyon congo bleed human right notori abus big corpor peopl often children exploit put,Positive
314,tanyakanrl cara matiin buat samsung user,Negative
315,gak hanya iphon yang anjlok samsung lebih anjlok lagi save aja dulu ada duit ga thread httpstcogkoqrpu,Positive
316,galaxya knox vault httpstcolfqwurl,Negative
317,samsung pehli baar vegan leather use kia hai apn phone main dikhn main kaafi aacha qualiti lag raha hai aap batao aapko kaisa lag raha hai,Negative
318,comment wild appl never win appl add tandem ole display samsung make appl display appl add world fastest tablet chip ipado appl make ipad thinner lighter snap like cracker,Positive
319,appl logo offici function samsung,Positive
320,samsungun gelecek duyuraca galaxi ultra modelinin ram depolama alan kapasitesi ortaya,Positive
321,awar diet progress track detail bodi composit galaxywatch classic amp galaxyzfold repli wan reach goal galaxywatch classic get httpstcoeiztyvi,Positive
322,new canada help exclus samsung technolog deal build thrive futur regist smartstart elig evouch toward first purchas term condit appli newtocanada samsungcanada httpstcoxemxov,Negative
323,concour zlan weekend tre charg alor pour bien commenc samsung qled consol dition standard gagner pour tenter chanc follow cdiscountgam ta cdiscountzlan,Positive
324,eurovis avezv messag adress aux tlspectateur isralien sliman voir non bout de lvre climat antisionist voir antismit qui rgne eurovis est monstrueux regard jamai cett chienli cett ann voterai isral,Negative
325,samsung galaxi fanmad heeseung enhypen,Positive
326,xrt slow get traction still even one big account talk airarobonom appl amazon samsung get smart home robot meanwhil xrt alreadi infrastructur product million,Positive
327,home samsung galaxi fanmad alex flore hello sunshin rob grimaldi butter bt love hate blackpink ryan curti,Positive
328,fate there still samsung event,Positive
329,bini love samsung,Positive
330,lauri perez remport luci bmx freestyl park wolrd cup montpelli fisemontpelli ucibmxf montpelli montpellierm occitani samsung nissan ridetsg francetvslash ffcyclism nrjhitmusiconli,Positive
331,incred crane work samsung billion texa chip plant one build alon footbal field long need construct worker plant cuttingedg chip advanc packag hbm start earli expect open,Negative
332,funniest joke ever heard samsung explan galaxi ultra graini screen featur ridicul obviou screen fault function pleas ask samsung remov need retard essenti,Positive
333,listen iphon samsung phone real amp reward,Positive
334,genc music offer samsung perform art theater shine brightest thing love said nervou slay everi bit perform deserv prais stellajero hope know deserv httpstcorojvvug,Positive
335,jenni paus rap co laugh fan drew samsung logo iphon case,Positive
336,look nation artist music ryan cayabyab celebr birthday twonight gen concert samsung perform art theater makati renown perform basil valdez regin velasquez vice ganda bini part concert abscbnnew httpstcohyoaesj,Positive
337,classic samsung everi appl event,Positive
338,samsung slomo featur,Positive
339,atencin hay sorteo pod ganar galaxyzflip uno galaxybudsf solo una verdadera armi reconoc btsbighit btsxgalaxi particip,Negative
340,samsung httpstcolbfdtat,Positive
341,samsung,Positive
342,precinho absurdo na samsung smart samsung uhd use cupom toma pix pix,Positive
343,galaxi galaxyai livetransl samsung one,Positive
344,samsung suffer denial,Positive
345,son amaz soul he alway think wonder analyz futur incred talk anyth everyth proud son cant wait see what store portrait photographi samsung sultra,Positive
346,samsung sphn,Positive
347,macbook pro cori samsung sultra sultra note note ultra iphon tiwa savag opay bobriski mose bliss ibd dend teni oluomo drake fisayo httpstcosyaezom,Negative
348,vertic video ad complet gamechang samsung achiev impress result launch phone vertic video ad engag rate compar cost per engag compar standard promot video,Negative
349,tecno fold samsung fold pick,Positive
350,ultra save samsung point,Positive
351,samsung launch new inch microl korea price wtf expens actual throw free inch worth free hotel stay worth,Negative
352,user use samsung galaxi,Positive
353,pet cuddl newborn giggleseveri moment mom masterpiec mothersday reliv magic moment instant slowmo galaxi seri,Positive
354,flag ad emoji list big work one emoji make everyon goe emoji list search flag googl applesupport samsung xiaomi microsoft elonmusk samsungmobil appl samsungu,Positive
355,samsung peut mme filmer autr bout terr resterai tjr chez appl,Positive
356,samsung dalla love bill soooooo much jungwon httpstcopanmxhk,Positive
357,mend samsung atau sekaliann pliss testimoninya udah belii ada bilang worth kameranya,Positive
358,unreal night enhypen amaz galaxi fan galaxyfanmad,Positive
359,let distanc languag keep apart use galaxyai live translat let translat languag bahasa indonesia effortlessli talk love one regardless distanc download galaxi seri easywithindo httpstcojjdxagd,Negative
360,samsung galaxi fanmad heeseung enhypen,Positive
361,ad spec spectrallab portfolio backer rais toptier vc like polychain galaxi parafi circl jump gradient franklin templeton samsung team fulli dox team previous work coinbas loopr scroll etc senior partner httpstcoujiuvfc,Positive
362,samsung releas gadget year samsung galaxi ring smart ring isnt new samsung galaxi ring make health track even better absolut winner term stronger samsung galaxi ecosystem buy,Positive
363,even peopl use samsung ultra run snapdragon gener massiv refresh rate,Negative
364,low key samsung right,Positive
365,kconjapan galaxi popup studio,Positive
366,watch bald eagl bring fish nest cool pictur taken close yard away samsung win httpstcohdnkywi,Positive
367,samsung galleri googl photo,Positive
368,guy zoom whole mayvil pavilion samsung saw crib,Negative
369,chose goat iphon samsung,Negative
370,samsung,Positive
371,buy one saal purana refriger kharb gaya humhara samsung,Positive
372,samsung galaxi leather back unbox come soon galaxyf,Positive
373,download respect samsung wallet increas,Positive
374,siapa yang punya wishlist upgrad galaxi seri terbaru yuk wujudkan prose pengajuan amp persetujuannya mudah cepat amp aman nikmati mulai dari amp bunga rendah bisasekarang bawa pulang galaxi impian info lengkap httpstcoepccoqp,Positive
375,order lavao gold receiv samsung phone ive complet open packag yet amazonin hell ive deal situat lavamobil choos seller wise,Negative
376,never imagin would use rate much smartphon samsung made possibl kudo,Positive
377,samsung galaxi fanmad galaxyfanmad enhypen heeseung,Positive
378,love basic imposs play game samsung current,Positive
379,avail open box samsung galaxi seri box accessori super neat condit dual sim physic amp esim plu plu ultra splu,Positive
380,urgent menina milenar consegu comprar celular novo atrav doae seu seguidor via pix semforo modelo samsung httpstcoqhhdvzr,Negative
381,samsung vlogger aiah httpstcozkdjnlh,Positive
382,perdemo anni moon traine conhecida por ser bisneta fundador samsung saiu lineup novo grupo black label,Negative
383,samsung marca celular com melhor relao qualidadepreo mundo ma nem todo sabem como utilizar corretament aqui esto funcionalidad que muito pouca pessoa conhecem guardar para mai tard,Negative
384,see may samsung perfom art theater,Positive
385,samsung enter chat appleev,Positive
386,took samsung ultra london last night photo mix result imo colour sky vari lot even though shot around time photo taken main camera look super sharp photo taken zoom cam much httpstcowvolsog,Positive
387,mend xiaomi atau samsung saranin serinya dong yang ramah kantong mahasiswa,Positive
388,need samsung charg tour make multipl quizz test buy ticket let behavior continu disrespect know hard work,Negative
389,chegou nova era tv samsung tv renem que mai moderno experincia imagem som potencializado pela conferiram novidad httpstcovoqfwfd,Negative
390,galaxi samsung fanmad like minut concert lost marbl heeseung enhypen,Positive
391,giveaway alert readi upgrad payment game discoveri bank samsung pay stand chanc win samsung galaxysplu enter tell pay discoveri bank client use samsungpay,Negative
392,genc happen tonight samsung perform art theater myjap page japsmonth,Positive
393,look para recordarlo sam pierd nada cuando jimin bt estrena nuevo outfit junto galaxi ultra,Negative
394,mani time flower taken samsung galaxi default camera look flat gray need adjust contrast get beauti photo human eye like thing high contrast dont want manual adjust contrast everi photo hope,Negative
395,pretti pretti pretti good never thought catch much less backyard northern light berea kentucki may northlightalert samsung ultra iso,Positive
396,use iphon samsung watch httpstcoqehwdl,Positive
397,come epitom craftsmanship sheer visual delight treat palm hold present allnew galaxyf classi vegan leather fine saddl stitch pattern fusion cuttingedg technolog timeless artistri come soon,Positive
398,samsung messag googl messag,Negative
399,doido samsung galaxi por pix cupom toma httpstcochranjf,Positive
400,differ tech world year ago thought htc would defeat appl samsung made shit phone nokia launch smart phone phone got past batteri medic miracl use get free wire headphon,Positive
401,abantu batunz phone samsung usanga hari ushobora kurinda ayishajisha atarakoresha edg panel hari nabatazi iyigira reka tureb utuntu twa danger ubundi wakabay ukoresha edg pannel pin screenshot tuvug umuntu araguhamagay ashaka kuguha numero,Positive
402,giveaway alert mau samsung galaxi grati follow lazadaid amp tag teman like amp repli screenshot hpnya lazada awesom game bareng galaxya processor exyno pake hashtag lazadagiveaway lazadaid period mei httpstcoqnli,Positive
403,genc music offer samsung perform art theater cheer clap fill theater tonight sabi nga nila secur ang futur filipino music proud happi wit moment alway way star heavenlyvoic withmrc,Positive
404,samsung galaxi fanmad galaxyfanmad enhypen sunghoon,Positive
405,appl copi samsung appl longer innov applepencilpro httpstcongillzv,Positive
406,freecongo read articl articl state drop bad expect probabl rerecess appli enough pressur appl samsung need boycot exploit congo,Negative
407,bir kullancnn santiago bernabeuda yapt samsung galaxi ultra zoom testi,Positive
408,ill one better wheel wednesday shot samsung,Positive
409,sam encanta msica eso todo mundo sabe pero alguien pued adivinar dnde vien msica que sam est spoiler juzga cuadro por portada httpstcoctoeuau,Negative
410,directli enlarg photo still full detail vivo ultra frighten samsung also made brand feel desper strong,Positive
411,win samsung galaxi fit fit watch mothersday giveaway repli show tell live life vital tag samsungsa learn tsampc appli,Positive
412,samsung phone design would prefer buy curv corner boxi,Negative
413,starlink iphon samsung sultra sultra note note ultra send ayra starr big wiz princ persia naira victoni tiwa game seyi vibez haaland maitama,Positive
414,samsung let hope one connect box better last httpstcohjvewhn,Positive
415,genc music offer samsung perform art theater find moment cute preciou surround amaz artist sanay tayo hyper stell pero moment he shi bunso heavenlyvoic withmrc stellajero stell stellisgenc,Positive
416,anoth reason dont mind use samsung featur built photo yawppp,Negative
417,day challeng back repli amp like menangkan galaxywatch seri serta kesempatan untuk join day challeng untuk capai goal hidup yang lebih sehat ditunggu hingga mei,Positive
418,samsung,Positive
419,anthoni jeanjean remport luci bmx freestyl park wolrd cup montpelli fisemontpelli ucibmxf montpelli montpellierm occitani samsung nissan ridetsg francetvslash ffcyclism nrjhitmusiconli,Positive
420,samsung camera,Positive
421,mani connect devic mani password data samsungtv knox vault chip shield onlin threat eas activ enjoy home entertain learn whysamsungtv samsungtvid,Positive
422,anjlok iphon amp samsung flagship turun harga thread,Positive
423,anni moon samsung founder black label upcom girl group lineup wont debut group httpstcolzchhmb,Positive
424,love samsung featur slow video hold screen saur cool,Positive
425,tem vergonha gastar com tendo samsung todo fodido dess,Positive
426,didnt get anywher special went girlfriend parent pretti cool barn shot samsung phone pro mode auroraboreali solarstorm,Positive
427,samsung admin straight delusion,Positive
428,thread jungwon fansit clip photo samsung galaxi fanmad concert dalla credit ukiiiuh enhypen sweet galaxi night galaxyxenhypen enhypenjungwon jungwon enhypenmemb,Positive
429,reaction pull samsung lol,Negative
430,dump samsung bought honor magic rsr porsch,Positive
431,veio travou samsung,Positive
432,context whole buy samsung use concert thing would like remind everyon congo bleed human right notori abus big corpor peopl often children exploit put,Positive
433,tanyakanrl cara matiin buat samsung user,Negative
434,gak hanya iphon yang anjlok samsung lebih anjlok lagi save aja dulu ada duit ga thread httpstcogkoqrpu,Positive
435,amazonsamsung pro adataxpgtb,Positive
436,gak hanya iphon yang anjlok samsung lebih parah nih thread,Positive
437,giveaway samsung galaxi hari ini mimin mau giveaway samsung galaxi senilai nih caranya follow shopeeid amp like tweet ini klik banner bawah ini repli fitur apa yang pale kamu suka dari galaxi good luck,Positive
438,samsung galaxi watch best smartwatch right,Positive
439,anni moon samsung chairman granddaught drop black label new girlgroup line httpstcoidrjeg,Positive
440,decid work art watch samsung thefram transform canva display galleri masterpiec make wall inspir discov art life,Positive
441,choos one appl samsung ecosystem,Negative
442,appl ipad pro samsung tab ultra slaughter even funni anymor,Negative
443,experi crystal clear color favorit content samsungtv crystaluhd get see pictur qualiti combin airslim design fit space home solarcel remot power indoor light sunlight samsungtvid,Positive
444,galaxi samsung galaxyf,Positive
445,enha see group peopl samsung event,Positive
446,genc music offer samsung perform art theater best kaya gawin pwede buo matter mani time see perform alway feel like first constantli awe talent also pogi pogi niyaaaa,Positive
447,samsung love iphon bug httpstcodryxco,Positive
448,jadwal saya rabu ini insya allah mengisi kajian epson indonesia dan samsung electron indonesia bersama dtpeduli silahkan teman karyawan epson amp samsung merapat masih dengan dtpeduli insya allah ahad mei saya akan mendampingi gurunda aagym mengisi kajian,Positive
449,samsung deal,Positive
450,samsung kitchen applianc httpstcofuxwpm,Positive
451,samsung gaezotbob lol,Positive
452,kchartsmast saw news said samsung chairman granddaught deserv much goodby,Positive
453,tawang tawa sau gwenni binalik naman samsung goi httpstcofustpm,Positive
454,feliz diadelasmadr discov new way share connect mother life use live translat galaxyai,Negative
455,galaxya knox vault httpstcolfqwurl,Negative
456,samsung pehli baar vegan leather use kia hai apn phone main dikhn main kaafi aacha qualiti lag raha hai aap batao aapko kaisa lag raha hai,Negative
457,appl logo offici function samsung,Positive
458,awar diet progress track detail bodi composit galaxywatch classic amp galaxyzfold repli wan reach goal galaxywatch classic get httpstcoeiztyvi,Positive
459,comment wild appl never win appl add tandem ole display samsung make appl display appl add world fastest tablet chip ipado appl make ipad thinner lighter snap like cracker,Positive
460,samsungun gelecek duyuraca galaxi ultra modelinin ram depolama alan kapasitesi ortaya,Positive
461,new canada help exclus samsung technolog deal build thrive futur regist smartstart elig evouch toward first purchas term condit appli newtocanada samsungcanada httpstcoxemxov,Negative
462,concour zlan weekend tre charg alor pour bien commenc samsung qled consol dition standard gagner pour tenter chanc follow cdiscountgam ta cdiscountzlan,Positive
463,eurovis avezv messag adress aux tlspectateur isralien sliman voir non bout de lvre climat antisionist voir antismit qui rgne eurovis est monstrueux regard jamai cett chienli cett ann voterai isral,Negative
464,samsung galaxi fanmad heeseung enhypen,Positive
465,home samsung galaxi fanmad alex flore hello sunshin rob grimaldi butter bt love hate blackpink ryan curti,Positive
466,xrt slow get traction still even one big account talk airarobonom appl amazon samsung get smart home robot meanwhil xrt alreadi infrastructur product million,Positive
467,fate there still samsung event,Positive
468,bini love samsung,Positive
469,lauri perez remport luci bmx freestyl park wolrd cup montpelli fisemontpelli ucibmxf montpelli montpellierm occitani samsung nissan ridetsg francetvslash ffcyclism nrjhitmusiconli,Positive
470,funniest joke ever heard samsung explan galaxi ultra graini screen featur ridicul obviou screen fault function pleas ask samsung remov need retard essenti,Positive
471,incred crane work samsung billion texa chip plant one build alon footbal field long need construct worker plant cuttingedg chip advanc packag hbm start earli expect open,Negative
472,listen iphon samsung phone real amp reward,Positive
473,jenni paus rap co laugh fan drew samsung logo iphon case,Positive
474,genc music offer samsung perform art theater shine brightest thing love said nervou slay everi bit perform deserv prais stellajero hope know deserv httpstcorojvvug,Positive
475,day ce tech develop incred impress reveal ce far world first transpar microl screen samsung httpstcomiehvwa,Positive
476,samsung introduc new mobil phone screen concept ce think,Negative
477,samsung ultra use holi fvck,Negative
478,samsung debut world first transpar microl screen ce,Positive
479,manchest unit aig chelsea samsung barcelona unicef real madrid bwin,Negative
480,aku baru pake samsung tapi bingung mau eksplorenya bahkan ini theme juga masih default info dong mase suhu persamsungan httpstcozjaknex,Positive
481,samsung parceria com pokemon compani anuncia fone galaxi bud temtico franquia sero comercializado coreia sul modelo ditto jigglypuff snorlax httpstcooodadc,Positive
482,break appl amazon samsung tv support upcom app,Positive
483,ayo bantu temanteman twitter yang sedang kebingungan mencari yang bagu buat motret dengan ngasi referensi kolom repli lewat hasil fotofoto kalian yang keren itu saya duluan samsung,Negative
484,buensima nueva funcin la heladera samsung tien cmara interna que registran cada alimento que entra sale recomienda receta funcin que queda heladera alimento est por vencer enva notificacin,Negative
485,samsung introduc world first transpar microl screen ce httpstcovftxazk,Positive
486,look know werent wonder somebodi walk step smartwatch see accur result appl watch ultra garmin fenix samsung galaxi watch googl pixel watch cheap pedomet,Positive
487,random person post probabl could sell samsung phone actual commerci,Positive
488,son heungmin menolak selfi dengan memegang iphon salah seorang penggemar hal ini karena memiliki kontrak person dengan samsung,Negative
489,explicando pra quem fora isso como real madrid uniss com barcelona como anitta ludmilla postassem uma selfi junta como appl samsung produzissem celular junto dando pra entend,Positive
490,forget vision pro samsung year ago httpstcoreivvir,Positive
491,samsung block valkyra mistakingli identifi random person nowdelet tweet,Negative
492,repblica democrtica del congo explotacin infantil mina cobalto empresario blanco dond uno nio trabajan est miner potencia batera smartphon laptop coch elctrico usado por appl samsung etc,Negative
493,final time announc one import piec atom help reach goal posit premier blue chip solana proud announc haymak vfx studio behind atom theyv done work netflix samsung volkswagen,Positive
494,samsung reveal first ever transpar microl screen,Positive
495,samsung dalla love bill soooooo much jungwon httpstcopanmxhk,Positive
496,unreal night enhypen amaz galaxi fan galaxyfanmad,Positive
497,let distanc languag keep apart use galaxyai live translat let translat languag bahasa indonesia effortlessli talk love one regardless distanc download galaxi seri easywithindo httpstcojjdxagd,Negative
498,mend samsung atau sekaliann pliss testimoninya udah belii ada bilang worth kameranya,Positive
499,samsung galaxi fanmad heeseung enhypen,Positive
500,samsung releas gadget year samsung galaxi ring smart ring isnt new samsung galaxi ring make health track even better absolut winner term stronger samsung galaxi ecosystem buy,Positive
501,ad spec spectrallab portfolio backer rais toptier vc like polychain galaxi parafi circl jump gradient franklin templeton samsung team fulli dox team previous work coinbas loopr scroll etc senior partner httpstcoujiuvfc,Positive
502,low key samsung right,Positive
503,kconjapan galaxi popup studio,Positive
504,even peopl use samsung ultra run snapdragon gener massiv refresh rate,Negative
505,watch bald eagl bring fish nest cool pictur taken close yard away samsung win httpstcohdnkywi,Positive
506,samsung galleri googl photo,Positive
507,guy zoom whole mayvil pavilion samsung saw crib,Negative
508,chose goat iphon samsung,Negative
509,samsung,Positive
510,buy one saal purana refriger kharb gaya humhara samsung,Positive
511,samsung galaxi leather back unbox come soon galaxyf,Positive
512,siapa yang punya wishlist upgrad galaxi seri terbaru yuk wujudkan prose pengajuan amp persetujuannya mudah cepat amp aman nikmati mulai dari amp bunga rendah bisasekarang bawa pulang galaxi impian info lengkap httpstcoepccoqp,Positive
513,download respect samsung wallet increas,Positive
514,order lavao gold receiv samsung phone ive complet open packag yet amazonin hell ive deal situat lavamobil choos seller wise,Negative
515,never imagin would use rate much smartphon samsung made possibl kudo,Positive
516,samsung galaxi fanmad galaxyfanmad enhypen heeseung,Positive
517,love basic imposs play game samsung current,Positive
518,avail open box samsung galaxi seri box accessori super neat condit dual sim physic amp esim plu plu ultra splu,Positive
519,urgent menina milenar consegu comprar celular novo atrav doae seu seguidor via pix semforo modelo samsung httpstcoqhhdvzr,Negative
520,samsung vlogger aiah httpstcozkdjnlh,Positive
521,samsung marca celular com melhor relao qualidadepreo mundo ma nem todo sabem como utilizar corretament aqui esto funcionalidad que muito pouca pessoa conhecem guardar para mai tard,Negative
522,perdemo anni moon traine conhecida por ser bisneta fundador samsung saiu lineup novo grupo black label,Negative
523,see may samsung perfom art theater,Positive
524,samsung enter chat appleev,Positive
525,took samsung ultra london last night photo mix result imo colour sky vari lot even though shot around time photo taken main camera look super sharp photo taken zoom cam much httpstcowvolsog,Positive
526,mend xiaomi atau samsung saranin serinya dong yang ramah kantong mahasiswa,Positive
527,need samsung charg tour make multipl quizz test buy ticket let behavior continu disrespect know hard work,Negative
528,chegou nova era tv samsung tv renem que mai moderno experincia imagem som potencializado pela conferiram novidad httpstcovoqfwfd,Negative
529,galaxi samsung fanmad like minut concert lost marbl heeseung enhypen,Positive
530,giveaway alert readi upgrad payment game discoveri bank samsung pay stand chanc win samsung galaxysplu enter tell pay discoveri bank client use samsungpay,Negative
531,genc happen tonight samsung perform art theater myjap page japsmonth,Positive
532,look para recordarlo sam pierd nada cuando jimin bt estrena nuevo outfit junto galaxi ultra,Negative
533,mani time flower taken samsung galaxi default camera look flat gray need adjust contrast get beauti photo human eye like thing high contrast dont want manual adjust contrast everi photo hope,Negative
534,use iphon samsung watch httpstcoqehwdl,Positive
535,brand new samsung galaxi zflip price locationkaduna contact info deliv anywher,Positive
536,samsung zflip tsh httpstcoykexhua,Positive
537,samsung flip zflip oppo find flip oppo find flip,Positive
538,samsung zflip tsh origin samsung,Positive
539,samsung galaxi zflip mint,Positive
540,httpstcoqqbxptx natur cowhid leather phone case samsung galaxi flip flip zflip luxuri hing protect cover temper glass,Positive
541,kerennya zflip samsung,Positive
542,love samsung samsung zflip,Positive
543,samsung zflip,Positive
544,new mill amp moi poodl case samsung zflip case shope samsungflip,Negative
545,samsung zflip ojoooo alguien explica lgica del,Positive
546,captur stun selfi flexcam make angl best yet call galaxyzflip jointheflipsid zflip flip samsung lucknow,Positive
547,exclus holi offer second hand mobil oneplu pro link httpstcokpnvpzo samsung galaxi fold link samsung galaxi flip link samsung oneplu pro zfold zflip pathankot httpstcorrkdyo,Positive
548,info kecantikan zflip samsung,Positive
549,samsung galaxi flip month zero payment month cost emi samsung financ hdfc bank bajaj finserv shop suprem mobil detail order httpstcolebrlm suprememobil samsung zflip httpstcovlnhzst,Positive
550,one would prefer motorola razr samsung galaxi zflip httpstcoelxkigi,Positive
551,samsung galaxi flip smartphon pocket selfexpress divers colour tell colour stock comment place bulk order httpstcojpmapnl samsung samsunggalaxi zflip zflip zflip galaxyzflip,Positive
552,ai samsung seri galaxi ai ai samsuanggalaxi samsung zflip zfold samsungsultra mmtc,Positive
553,samsung zflip gym companion galaxi flip month samsunggalaxi galaxyzflip foldablephon reelsvideo fit samsungindia teamgalaxi,Positive
554,samsung galaxi flip rom cocola cocolaoffici cocola samsung flip zflip,Positive
555,super samsung galaxi zflip queda solo tienen que aplicar lo cupon galaxi livemama por separado listoooo adema trae starter kit samsung watch regalo coorraaaaannnnn enlac,Negative
556,random dump tatay christma gift lage hand yung mga phone kaya told tatay want first phone special match phone sunsun amp yunki samsungxenhypen samsungzflip httpstcocdffehp,Negative
557,nagsisisi akong pumunta akong samsung kahapon kase gusto iupgrad zflip zflip ang prettyy prettyy nya kase,Positive
558,galaxi fold flip nuovo aggiornamento correzioni europa galaxya galaxysseri galaxysseri galaxyzfold lte miglioramenti mobilenew notizi samsung smartphon tech technew zflip,Positive
559,samsung galaxi flip ram rom cocola cocolaoffici cocola samsung flip zflip,Positive
560,galaxi serisin fold flip getirecek one gncellemesi datma kyor samsung oneui zfold zflip httpstcowqglcq,Positive
561,rolster good preview phone case iphon samsung galaxi szflip mug,Positive
562,samsung schedul one rollout late march bring full galaxi suit addit featur galaxi seri fold flip tab seri samsung oneui galaxi zfold zflip tab,Positive
563,wt samsung flip zflip samsung zflip samsungzflip,Positive
564,samsung galaxi zflipgoodlock galaxysultra galaxi zflip samsung,Positive
565,muy buena fanatico samsung podi ganar galaxi flip descargando tri galaxi mandado una captura vuestra funcin favorita correo tan simpl como eso mucha suert todo samsung trygalaxi zflip galaxyai samsungespana,Positive
566,flip futur flip info httpstcosnrjhwq sabkophon refurbish renew samsung zflip,Positive
567,temukan dan dapatkan cute flip phone case stylu lanyard samsung flip zflip oppo find flip oppo find flip hanya shope sekarang juga shopeeid,Positive
568,novelti samsung galaxi flip wear realiti wellimpl experi solid reassur hardwar zflip foldabl httpstcobocbkio,Positive
569,save samsungmobil galaxi flip grab tgsmartbuy deal samsung zflip httpstcoepclrmp,Positive
570,samsung flip zflip oppo find uvaprotest samsung,Positive
571,samsung galaxi flip snapdragon gen zflip samsung,Positive
572,samsung galaxi flip review creas iron samsungireland zflip djmarkkavanagh,Positive
573,samsung flip zflip shope samsung flip flip,Positive
574,preprat para encantart con samsung galaxi flip est telfono plegabl ofrec diseo innovador caracterstica avanzada listo para llevar tecnologa siguient nivel samsunggalaxi zflip,Positive
575,smartphon samsung galaxi zflip ram cupom oferta ver loja httpstcogofvhqf acess tambm promoo pode ser encerrada qualquer momento galaxyzflip zflip smartphon bbb diadasma madonna madonnainrio,Positive
576,get samsung galaxi zflip zfold hidden code httpstcomxxiuzh,Negative
577,zflip galaxi samsung,Positive
578,come promesso galaxi arriva anch sul samsung galaxi flip fantastico samsungitalia samsungmobil samsung galaxi galaxyai samsunggalaxi samsunggalaxyai mikyancona zflip zflip galaxyzflip updat firmwar tech technew,Positive
579,want sell item bundl origin price worth item togeth sell within malaysia ship feerm cover charg interest wt galaxyzflip zflip samsung samsungcas jual httpstcodxopsjq,Negative
580,saw cadi heron use samsung galaxi zflip bought samsung galaxi zflip still prefer origin love cameo mean song nice catchi funniest scene tina fey attempt sing line meangirl power plant,Positive
581,former iphon user switch samsung lot liter lot sultra zfold zflip,Negative
582,bt samsung galaxi flip flip nfc samsung zflip,Positive
583,galaxi flip minion universalp universalpicskr slbsstudio slb slbsstudio samsung galaxi galaxyzflip zflip sibsbethenew bethenew,Positive
584,motorola razr rival samsung foldabl zflip week contain affili link,Positive
585,samsung flip zflip oppo find flip oppo find flip afflink shope,Positive
586,samsung zflip nampak,Positive
587,wishlist gue samsung zflip,Positive
588,anoth throwback case anoth throwback acryl color big thank amazonprim one person alright thought game boy lol att samsung zflip twitchstream gamerguy twitchgam twitchgam twitchaffili smallstream,Positive
589,shein samsung zflip magsaf magsaf,Positive
590,inteligencia artifici llegar lo galaxi zfold zflip confirma mismsima samsung,Positive
591,flip zflip samsung,Positive
592,inteligencia artifici lo galaxi llegara dispositivo antiguo samsung confirmado lo primero zfold zflip,Positive
593,fyp gweh samsung zflip mau bgt,Positive
594,qung sam sung smsung galaxi zflip nhp linh hot nhg nht nha,Positive
595,hola quien regala samsung galaxi zflip,Positive
596,ojal encontrara samsung zflip tirado por,Negative
597,samsung kuya magkano pagawa zflip lcd koyah mam cge pag iisipan,Positive
598,zflip flip zflip samsung,Positive
599,allah dah hari malam aku dok tengok samsung galaxi tab seri phone zflip seri kalaulah banyak duit dah lama beli tab phone samsung sebab nampak best nak mampo sksksk,Positive
600,bentar ma aku mau charg samsung zflip sama samsung galaxi watch classic mmku dulu,Positive
601,samsung give euro cashback fold flip samsung news galaxyzfold zflip oneui,Positive
602,check samsung galaxi zflip smfb graphit unlock ebay via ebayuk,Positive
603,spongebob squarep ring suit card case accessori samsung galaxyzflip zflip flip httpstcohqnbwsr ebay ebay,Positive
604,naksir bgt samsung zflip lucu bgt,Positive
605,aliexpress found amaz item aliexpress check bam natur cowhid leather phone case samsung galaxi flip flip zflip luxuri hing protect cover temper glass,Positive
606,bought samsung zflip less month ago bottom screen malfunct bestbuycanada wont replac devic unabl celebr mothersday replac brand new phone thought would cool phone buyer bewar,Positive
607,saya menjual samsung zflip flip black second prelov garansi extra tahun seharga ayo beli shope,Positive
608,convomf tapi fakta nya memang chipset sama kayak nder beli samsung zflip aja nder,Positive
609,aliexpress aliexpresst muhteem buldum hemen atn ndirim telefon klf iin samsung galaxi flip sevimli pelu sikk anta crossbodi kordon mat kapak klf samsung zflip,Negative
610,best buy samsung galaxi flip silicon case ring indigo httpstcopjeklr samsung galaxi case deal tech zflip,Positive
611,iba talaga epekto samsung galaxi zflip kay sunghoon malapit mawala katinuan,Positive
612,user samsung zflip zflip zflip zflip zflip alguno experi lo ultimo mese problema que cerrar telefono apaga lugar bloquears,Negative
613,zfoldzflippc gangnam zflip zfold httpstcooynqlzx youtub,Positive
614,excit news samsung user get readi rollout one start march galaxi seri fold flip plu tab seri also receiv start week oneui samsung galaxi zfold zflip tab,Positive
615,sierrabreez take look samsung zflip love switch one releas,Positive
616,play samsung galaxi zflip realli want appl flip devic tie appl itun perman leav appl ecosystem love devic mobilesyrup tomac appl,Positive
617,mycabbagepatch look run great iphon samsung zflip,Positive
618,twoformyheart ill send moment took photo samsung zflip even surpris qualiti,Positive
619,bpthaber vala iphonedan samsung zflip getim zifiri karanlkta bile net ekiyo sklmtm iphonedan hep ayn tasarm sadec renk deitiriyo yenilik yapma gerek,Positive
620,dont want phd dont want outland samsung zflip even clear skin noth want unblock nose back pleas,Negative
621,lama lama tengok samsung zflip makin lawa pulak,Positive
622,feliz vou comprar zflip meu quarto celular samsung kkkkkkk meu foi que mai durou cmg comprei comeo,Negative
623,avilashwif baru kemaren aku beliin kamu samsung zflip gbgb lengkap sama suratnya pajak hidup garansi satu tahun masih kurang,Positive
624,samsungmobil weakest phone ever accid broken fall touch stop work stuck offici mainten center dont spare part bad compani like samsung zflip samsung lebanon fullwarranti,Negative
625,tengo xfin zflip que cuesta samsung liberar una actualizacin,Positive
626,samsung flip user arent cover screen simpl game play without flip open phone samsung samsungzflip zflip,Negative
627,verg american technolog news websit show turn android phone nintendo emul game game retrogam flip game boy advanc japan samsung galaxi zflip korea,Positive
628,okay samsung one updat dial safe batteri charg limit zflip sure like batteri charg,Negative
629,sunk samsung galazi zflip cherrymagicthep,Positive
